t_mono,t_wall,anchorID,x,y,z,qx,qy,qz,qw
13.511077208335337,1758062469.882424,45BA687E-A905-D36F-8907-955048D86C97,-0.45847967,0.9135726,-0.73125607,0.2343223,0.33228675,-0.08684504,0.90947056
13.555348125002638,1758062469.926695,45BA687E-A905-D36F-8907-955048D86C97,-0.45857513,0.9135668,-0.73140013,0.2343223,0.33228675,-0.08684504,0.90947056
13.555486333338195,1758062469.9268334,45BA687E-A905-D36F-8907-955048D86C97,-0.45854205,0.91356856,-0.7313514,0.2343223,0.33228675,-0.08684504,0.90947056
13.56427225000516,1758062469.935619,45BA687E-A905-D36F-8907-955048D86C97,-0.45848343,0.9135717,-0.7312641,0.2343223,0.33228675,-0.08684504,0.90947056
13.597517750000407,1758062469.9688647,45BA687E-A905-D36F-8907-955048D86C97,-0.45846465,0.91357267,-0.73123616,0.2343223,0.33228675,-0.08684504,0.90947056
13.638091166671074,1758062470.009438,45BA687E-A905-D36F-8907-955048D86C97,-0.45874098,0.9135573,-0.7316509,0.2343223,0.33228675,-0.08684504,0.90947056
13.665359875005379,1758062470.036707,45BA687E-A905-D36F-8907-955048D86C97,-0.45882413,0.9135526,-0.73177564,0.2343223,0.33228675,-0.08684504,0.90947056
13.697444333338353,1758062470.0687914,45BA687E-A905-D36F-8907-955048D86C97,-0.45885912,0.9135507,-0.73182803,0.2343223,0.33228675,-0.08684504,0.90947056
13.730863833334297,1758062470.1022108,45BA687E-A905-D36F-8907-955048D86C97,-0.45886958,0.9135501,-0.73184377,0.2343223,0.33228675,-0.08684504,0.90947056
13.765328416666307,1758062470.1366754,45BA687E-A905-D36F-8907-955048D86C97,-0.4588727,0.91354996,-0.73184824,0.2343223,0.33228675,-0.08684504,0.90947056
13.797272125004383,1758062470.1686192,45BA687E-A905-D36F-8907-955048D86C97,-0.4589181,0.9135473,-0.7319161,0.2343223,0.33228675,-0.08684504,0.90947056
13.847969500006002,1758062470.2193165,45BA687E-A905-D36F-8907-955048D86C97,-0.45890948,0.9135215,-0.7319678,0.23409805,0.33220378,-0.08672398,0.90957016
13.864056416670792,1758062470.2354033,45BA687E-A905-D36F-8907-955048D86C97,-0.4586774,0.9134895,-0.7317305,0.23371425,0.33206183,-0.08651679,0.9097404
13.905402875003347,1758062470.2767498,45BA687E-A905-D36F-8907-955048D86C97,-0.45863345,0.9134338,-0.73180777,0.2332188,0.33187845,-0.08624933,0.90995985
13.932156916671374,1758062470.3035038,45BA687E-A905-D36F-8907-955048D86C97,-0.45808104,0.91339993,-0.7311395,0.23264746,0.33166686,-0.08594092,0.9102124
13.964985083337524,1758062470.336332,45BA687E-A905-D36F-8907-955048D86C97,-0.45787466,0.9133399,-0.7310074,0.23202705,0.33143693,-0.085606046,0.910486
13.997556791669922,1758062470.3689036,45BA687E-A905-D36F-8907-955048D86C97,-0.4578033,0.91326827,-0.731088,0.23137707,0.33119586,-0.085255235,0.910772
14.04101583333977,1758062470.4123628,45BA687E-A905-D36F-8907-955048D86C97,-0.45813566,0.91325533,-0.7315454,0.23188402,0.33087817,-0.085309155,0.9107535
14.06511179167137,1758062470.4364588,45BA687E-A905-D36F-8907-955048D86C97,-0.45829234,0.9132531,-0.7317398,0.23237234,0.33057198,-0.08536106,0.91073537
14.097268958335917,1758062470.468616,45BA687E-A905-D36F-8907-955048D86C97,-0.4583971,0.91325384,-0.7318572,0.23284166,0.3302775,-0.085410915,0.91071767
14.13202600000659,1758062470.503373,45BA687E-A905-D36F-8907-955048D86C97,-0.45846614,0.9132567,-0.7319237,0.23329243,0.32999456,-0.08545879,0.9107004
14.165350708339247,1758062470.5366976,45BA687E-A905-D36F-8907-955048D86C97,-0.4585361,0.91325915,-0.7319921,0.23372486,0.32972303,-0.08550471,0.9106836
14.197700041666394,1758062470.569047,45BA687E-A905-D36F-8907-955048D86C97,-0.45835045,0.91327816,-0.73168206,0.23413977,0.32946232,-0.08554876,0.9106672
14.241673791671928,1758062470.6130207,45BA687E-A905-D36F-8907-955048D86C97,-0.45841855,0.9132683,-0.73208475,0.23422344,0.32896972,-0.08539115,0.9108385
14.265676833339967,1758062470.6370237,45BA687E-A905-D36F-8907-955048D86C97,-0.45831355,0.9132699,-0.7322221,0.23430514,0.3284879,-0.08523701,0.91100585
14.297612583337468,1758062470.6689596,45BA687E-A905-D36F-8907-955048D86C97,-0.4581114,0.9132778,-0.7322072,0.23438482,0.32801795,-0.085086666,0.9111687
14.343689749999612,1758062470.7150366,45BA687E-A905-D36F-8907-955048D86C97,-0.45793793,0.91328406,-0.73222643,0.23446225,0.32756075,-0.08494041,0.9113269
14.365091750005377,1758062470.7364388,45BA687E-A905-D36F-8907-955048D86C97,-0.45768628,0.9132952,-0.7321225,0.23453736,0.32711655,-0.08479833,0.9114803
14.411596458339773,1758062470.7829435,45BA687E-A905-D36F-8907-955048D86C97,-0.45750305,0.9133023,-0.73211104,0.23461016,0.32668588,-0.084660575,0.91162884
14.457488166670373,1758062470.828835,45BA687E-A905-D36F-8907-955048D86C97,-0.45763257,0.9132898,-0.7325551,0.2346806,0.32626855,-0.08452708,0.91177255
14.464644458334078,1758062470.8359914,45BA687E-A905-D36F-8907-955048D86C97,-0.4575796,0.913289,-0.73272014,0.23474875,0.3258647,-0.08439791,0.91191137
14.502654708339833,1758062470.8740017,45BA687E-A905-D36F-8907-955048D86C97,-0.4574705,0.9132919,-0.73279387,0.23481458,0.32547405,-0.08427295,0.9120455
14.531789833337825,1758062470.9031367,45BA687E-A905-D36F-8907-955048D86C97,-0.45734647,0.91329587,-0.7328373,0.23487817,0.32509646,-0.0841522,0.91217494
14.565854916669196,1758062470.937202,45BA687E-A905-D36F-8907-955048D86C97,-0.45720917,0.91330093,-0.7328536,0.23493959,0.3247315,-0.08403548,0.9122999
14.598850333335577,1758062470.9701972,45BA687E-A905-D36F-8907-955048D86C97,-0.4570821,0.91330546,-0.73287743,0.23499888,0.3243789,-0.08392271,0.9124204
14.639492458336463,1758062471.0108395,45BA687E-A905-D36F-8907-955048D86C97,-0.45673627,0.9134005,-0.73275673,0.23503697,0.32406548,-0.08367687,0.91254455
14.664077500005078,1758062471.0354245,45BA687E-A905-D36F-8907-955048D86C97,-0.4565289,0.91348565,-0.7328355,0.23507445,0.32375708,-0.083435014,0.91266644
14.698463958338834,1758062471.0698109,45BA687E-A905-D36F-8907-955048D86C97,-0.45617396,0.91358006,-0.7326857,0.23511119,0.3234545,-0.083197705,0.91278595
14.731278041668702,1758062471.102625,45BA687E-A905-D36F-8907-955048D86C97,-0.45584863,0.913672,-0.7325719,0.23514712,0.323158,-0.08296518,0.9129029
14.764559083334461,1758062471.135906,45BA687E-A905-D36F-8907-955048D86C97,-0.45550844,0.9137643,-0.7324264,0.23518223,0.32286802,-0.08273783,0.9130171
14.797655791669968,1758062471.1690028,45BA687E-A905-D36F-8907-955048D86C97,-0.45545235,0.91383475,-0.7326982,0.23521645,0.32258466,-0.08251569,0.9131285
14.85760675000347,1758062471.2289536,45BA687E-A905-D36F-8907-955048D86C97,-0.45531866,0.91385335,-0.732462,0.23543073,0.32282567,-0.08236019,0.91300213
14.86740912499954,1758062471.2387562,45BA687E-A905-D36F-8907-955048D86C97,-0.45510638,0.9138782,-0.7321088,0.23564018,0.3230613,-0.08220809,0.91287845
14.909224166673084,1758062471.2805712,45BA687E-A905-D36F-8907-955048D86C97,-0.45506978,0.91388893,-0.73202085,0.2358447,0.3232913,-0.08205956,0.9127576
14.932733749999898,1758062471.3040807,45BA687E-A905-D36F-8907-955048D86C97,-0.45512497,0.9138989,-0.7320576,0.23604417,0.32351565,-0.0819147,0.9126395
14.967994583334075,1758062471.3393416,45BA687E-A905-D36F-8907-955048D86C97,-0.4549349,0.91391885,-0.7317481,0.23623858,0.32373428,-0.08177344,0.91252434
14.999025875004008,1758062471.3703728,45BA687E-A905-D36F-8907-955048D86C97,-0.45482296,0.9139328,-0.7315534,0.23642787,0.32394716,-0.081635885,0.91241205
15.039508500005468,1758062471.4108555,45BA687E-A905-D36F-8907-955048D86C97,-0.45474246,0.91394544,-0.73147553,0.23661521,0.3240836,-0.08148781,0.91232824
15.065160541671503,1758062471.4365075,45BA687E-A905-D36F-8907-955048D86C97,-0.45469964,0.9139553,-0.7314512,0.23679656,0.3242156,-0.08134447,0.91224706
15.097259833339194,1758062471.4686067,45BA687E-A905-D36F-8907-955048D86C97,-0.45472342,0.913982,-0.7314762,0.23697214,0.32434338,-0.08120562,0.91216844
15.132491833333916,1758062471.5038388,45BA687E-A905-D36F-8907-955048D86C97,-0.45451558,0.9140136,-0.73118234,0.23714215,0.32446715,-0.08107122,0.9120922
15.164765125002305,1758062471.536112,45BA687E-A905-D36F-8907-955048D86C97,-0.45463127,0.91401494,-0.73137814,0.2373068,0.324587,-0.08094104,0.9120183
15.197917125005915,1758062471.5692642,45BA687E-A905-D36F-8907-955048D86C97,-0.45455986,0.91403073,-0.73129344,0.23746614,0.324703,-0.080815,0.9119467
15.23795666667138,1758062471.6093037,45BA687E-A905-D36F-8907-955048D86C97,-0.45463783,0.9140082,-0.73122656,0.23720992,0.32487217,-0.08082075,0.9119527
15.265070041670697,1758062471.636417,45BA687E-A905-D36F-8907-955048D86C97,-0.45466596,0.91398466,-0.7311021,0.23695987,0.32503712,-0.08082633,0.91195834
15.29751387500437,1758062471.668861,45BA687E-A905-D36F-8907-955048D86C97,-0.45466805,0.91396093,-0.7309494,0.23671603,0.32519805,-0.08083179,0.9119639
15.34159395833558,1758062471.712941,45BA687E-A905-D36F-8907-955048D86C97,-0.45450225,0.91393894,-0.7305721,0.23647824,0.3253549,-0.080837086,0.9119691
15.365739416673023,1758062471.7370863,45BA687E-A905-D36F-8907-955048D86C97,-0.45440328,0.91391665,-0.73029137,0.23624645,0.32550767,-0.08084224,0.9119742
15.412207166671578,1758062471.783554,45BA687E-A905-D36F-8907-955048D86C97,-0.45437387,0.91389465,-0.7301075,0.23602058,0.32565665,-0.08084727,0.9119791
15.435268041670497,1758062471.8066149,45BA687E-A905-D36F-8907-955048D86C97,-0.4543235,0.91393334,-0.73008674,0.23619317,0.32543904,-0.080744915,0.91202116
15.464003083339776,1758062471.83535,45BA687E-A905-D36F-8907-955048D86C97,-0.45427585,0.9139706,-0.73007005,0.23636095,0.3252275,-0.08064537,0.912062
15.497240750002675,1758062471.8685877,45BA687E-A905-D36F-8907-955048D86C97,-0.45412737,0.91401666,-0.72989476,0.23652403,0.32502183,-0.08054863,0.9121015
15.53379183333891,1758062471.9051387,45BA687E-A905-D36F-8907-955048D86C97,-0.45416483,0.9140437,-0.73000646,0.23668252,0.32482177,-0.08045454,0.91214
15.56398212500062,1758062471.935329,45BA687E-A905-D36F-8907-955048D86C97,-0.45416424,0.9140736,-0.7300584,0.23683663,0.32462737,-0.080363095,0.91217726
15.597399500002211,1758062471.9687464,45BA687E-A905-D36F-8907-955048D86C97,-0.4541448,0.91410434,-0.73008007,0.23698643,0.32443836,-0.080274194,0.91221344
15.642184541669849,1758062472.0135314,45BA687E-A905-D36F-8907-955048D86C97,-0.45402795,0.9141173,-0.73004216,0.2368381,0.32407582,-0.08003338,0.912402
15.664499625003373,1758062472.0358465,45BA687E-A905-D36F-8907-955048D86C97,-0.4539276,0.91411716,-0.73005253,0.23668939,0.32371223,-0.079791896,0.9125908
15.697465750003175,1758062472.0688126,45BA687E-A905-D36F-8907-955048D86C97,-0.4538129,0.91412425,-0.7300295,0.23654045,0.32334828,-0.07955024,0.91277945
15.730529458334786,1758062472.1018765,45BA687E-A905-D36F-8907-955048D86C97,-0.45369393,0.91413283,-0.729997,0.23639184,0.32298514,-0.07930911,0.9129675
15.766330208338331,1758062472.1376772,45BA687E-A905-D36F-8907-955048D86C97,-0.4535706,0.9141443,-0.7299524,0.23624371,0.3226233,-0.07906889,0.9131546
15.79737862500042,1758062472.1687255,45BA687E-A905-D36F-8907-955048D86C97,-0.4534314,0.91415584,-0.7298837,0.2360965,0.3222637,-0.07883018,0.9133403
15.857646541669965,1758062472.2289934,45BA687E-A905-D36F-8907-955048D86C97,-0.45344397,0.9141332,-0.72992957,0.23613897,0.32175633,-0.07890182,0.913502
15.865377500005707,1758062472.2367244,45BA687E-A905-D36F-8907-955048D86C97,-0.45339096,0.914117,-0.72987336,0.23618136,0.3212492,-0.07897339,0.91366327
15.911411791668797,1758062472.2827587,45BA687E-A905-D36F-8907-955048D86C97,-0.45333734,0.9141017,-0.7298152,0.23622362,0.32074317,-0.07904476,0.9138239
15.931973208338604,1758062472.3033202,45BA687E-A905-D36F-8907-955048D86C97,-0.45353425,0.91405976,-0.73015153,0.23626558,0.32023954,-0.07911578,0.9139835
15.965400750006665,1758062472.3367476,45BA687E-A905-D36F-8907-955048D86C97,-0.45364398,0.9140306,-0.7303445,0.23630719,0.31973934,-0.07918627,0.9141418
15.997816000002786,1758062472.369163,45BA687E-A905-D36F-8907-955048D86C97,-0.45370084,0.91399646,-0.73047686,0.23634839,0.31924328,-0.079256155,0.9142985
16.0409815416715,1758062472.4123285,45BA687E-A905-D36F-8907-955048D86C97,-0.45393115,0.9139631,-0.7306527,0.23653628,0.3193649,-0.07936123,0.9141983
16.065403666667407,1758062472.4367507,45BA687E-A905-D36F-8907-955048D86C97,-0.4542234,0.913929,-0.7309191,0.23671891,0.31948316,-0.079463385,0.9141008
16.09757795833866,1758062472.468925,45BA687E-A905-D36F-8907-955048D86C97,-0.4545432,0.913895,-0.73122734,0.2368963,0.319598,-0.0795626,0.9140061
16.13373283333931,1758062472.5050797,45BA687E-A905-D36F-8907-955048D86C97,-0.45464355,0.9138788,-0.73121077,0.23706868,0.31970957,-0.07965902,0.91391397
16.165993541668286,1758062472.5373404,45BA687E-A905-D36F-8907-955048D86C97,-0.45496476,0.9138468,-0.7315253,0.23723611,0.3198179,-0.079752676,0.91382444
16.198365791671677,1758062472.5697126,45BA687E-A905-D36F-8907-955048D86C97,-0.4551137,0.91382813,-0.73158836,0.23739885,0.31992325,-0.079843715,0.91373736
16.24267679166951,1758062472.6140237,45BA687E-A905-D36F-8907-955048D86C97,-0.45506927,0.91386634,-0.7315479,0.23731439,0.3198655,-0.07981694,0.9137819
16.265725083336292,1758062472.637072,45BA687E-A905-D36F-8907-955048D86C97,-0.4550212,0.9139035,-0.7315012,0.23723352,0.31981024,-0.07979129,0.91382444
16.29770716666826,1758062472.669054,45BA687E-A905-D36F-8907-955048D86C97,-0.4549487,0.91394126,-0.7314182,0.23715602,0.31975728,-0.07976671,0.91386527
16.35741016666725,1758062472.7287571,45BA687E-A905-D36F-8907-955048D86C97,-0.4546497,0.9139955,-0.7310054,0.23708172,0.3197065,-0.07974315,0.91390437
16.365558875004353,1758062472.7369058,45BA687E-A905-D36F-8907-955048D86C97,-0.4548339,0.9140107,-0.73129386,0.23701046,0.3196578,-0.07972054,0.91394186
16.411396750001586,1758062472.7827437,45BA687E-A905-D36F-8907-955048D86C97,-0.4548574,0.91403717,-0.7313479,0.2369421,0.3196111,-0.07969885,0.9139778
16.441456291671784,1758062472.8128033,45BA687E-A905-D36F-8907-955048D86C97,-0.45446134,0.9140868,-0.7310197,0.23674655,0.3190953,-0.07952854,0.9142235
16.467882083336008,1758062472.839229,45BA687E-A905-D36F-8907-955048D86C97,-0.45418072,0.9141284,-0.7308647,0.23654659,0.318568,-0.07935442,0.91447425
16.497548999999708,1758062472.868896,45BA687E-A905-D36F-8907-955048D86C97,-0.45394358,0.91416645,-0.7307742,0.23634288,0.31803086,-0.079177074,0.91472924
16.532191416670685,1758062472.9035385,45BA687E-A905-D36F-8907-955048D86C97,-0.45352298,0.91422033,-0.7304233,0.23613624,0.3174862,-0.07899725,0.9149873
16.5653975416717,1758062472.9367445,45BA687E-A905-D36F-8907-955048D86C97,-0.45322764,0.9142643,-0.7302557,0.23592733,0.31693566,-0.07881549,0.91524774
16.598337000003085,1758062472.969684,45BA687E-A905-D36F-8907-955048D86C97,-0.4532433,0.9142825,-0.7305363,0.23571676,0.31638092,-0.07863236,0.91550964
16.641147958333022,1758062473.0124948,45BA687E-A905-D36F-8907-955048D86C97,-0.4530475,0.9142911,-0.7301881,0.2356202,0.31678042,-0.07874393,0.9153868
16.665502750001906,1758062473.0368497,45BA687E-A905-D36F-8907-955048D86C97,-0.4533321,0.91425925,-0.730528,0.2355253,0.31717277,-0.07885352,0.9152659
16.698212833332946,1758062473.0695598,45BA687E-A905-D36F-8907-955048D86C97,-0.45347917,0.914239,-0.7306712,0.23543212,0.3175577,-0.07896104,0.9151471
16.731855958336382,1758062473.1032028,45BA687E-A905-D36F-8907-955048D86C97,-0.45354843,0.91422516,-0.7307043,0.23534064,0.31793538,-0.079066515,0.9150304
16.764730208335095,1758062473.1360772,45BA687E-A905-D36F-8907-955048D86C97,-0.4535439,0.9142179,-0.73063207,0.23525098,0.31830552,-0.07916992,0.9149158
16.797360458338517,1758062473.1687074,45BA687E-A905-D36F-8907-955048D86C97,-0.45356116,0.9142087,-0.73059285,0.235163,0.31866834,-0.079271264,0.9148034
16.85788650000177,1758062473.2292335,45BA687E-A905-D36F-8907-955048D86C97,-0.45338857,0.91426796,-0.7303729,0.23529491,0.31844243,-0.07943092,0.91483426
16.865541416671476,1758062473.2368884,45BA687E-A905-D36F-8907-955048D86C97,-0.45346317,0.91430503,-0.7305076,0.23542486,0.31821984,-0.07958821,0.9148646
16.91062145833712,1758062473.2819684,45BA687E-A905-D36F-8907-955048D86C97,-0.4533834,0.91435456,-0.7304209,0.2355527,0.31800067,-0.07974299,0.9148944
16.931858458337956,1758062473.3032055,45BA687E-A905-D36F-8907-955048D86C97,-0.45329663,0.9144043,-0.73032373,0.23567843,0.31778523,-0.07989518,0.9149236
16.965404624999792,1758062473.3367515,45BA687E-A905-D36F-8907-955048D86C97,-0.45314234,0.91445833,-0.73012996,0.23580196,0.31757334,-0.08004478,0.9149523
16.99766362500668,1758062473.3690107,45BA687E-A905-D36F-8907-955048D86C97,-0.4530336,0.9145083,-0.73000073,0.2359233,0.31736532,-0.080191724,0.9149803
17.04180883333902,1758062473.4131558,45BA687E-A905-D36F-8907-955048D86C97,-0.4533661,0.91454697,-0.73041177,0.23627727,0.31727254,-0.08030486,0.9149112
17.065276458335575,1758062473.4366233,45BA687E-A905-D36F-8907-955048D86C97,-0.45343816,0.9146059,-0.7304513,0.23662391,0.31718168,-0.08041566,0.9148434
17.09762483333907,1758062473.4689717,45BA687E-A905-D36F-8907-955048D86C97,-0.4534058,0.9146721,-0.7303436,0.2369634,0.31709263,-0.08052417,0.9147768
17.132000958335993,1758062473.5033479,45BA687E-A905-D36F-8907-955048D86C97,-0.45336816,0.9147376,-0.7302301,0.23729566,0.31700546,-0.08063038,0.91471153
17.165388583336608,1758062473.5367355,45BA687E-A905-D36F-8907-955048D86C97,-0.45374453,0.91476816,-0.7307035,0.23762082,0.3169201,-0.08073431,0.9146476
17.19832370833319,1758062473.5696707,45BA687E-A905-D36F-8907-955048D86C97,-0.45388445,0.91481656,-0.7308427,0.23793882,0.31683654,-0.08083597,0.9145849
17.24218970833317,1758062473.6135366,45BA687E-A905-D36F-8907-955048D86C97,-0.4535729,0.9147731,-0.7303493,0.23760693,0.3171339,-0.08075092,0.91457564
17.265360000004875,1758062473.636707,45BA687E-A905-D36F-8907-955048D86C97,-0.45345253,0.9147153,-0.7301258,0.23728047,0.31742635,-0.08066727,0.9145663
17.29887100000633,1758062473.670218,45BA687E-A905-D36F-8907-955048D86C97,-0.45344022,0.91464996,-0.73005575,0.23695959,0.31771368,-0.08058505,0.9145569
17.34149429167155,1758062473.7128413,45BA687E-A905-D36F-8907-955048D86C97,-0.45341116,0.91458714,-0.72996277,0.23664418,0.31799597,-0.08050421,0.9145476
17.36526508333918,1758062473.736612,45BA687E-A905-D36F-8907-955048D86C97,-0.45337304,0.9145264,-0.72985786,0.23633447,0.31827313,-0.080424845,0.91453826
17.412218291668978,1758062473.7835653,45BA687E-A905-D36F-8907-955048D86C97,-0.45331216,0.91446865,-0.7297222,0.23603034,0.31854516,-0.0803469,0.91452897
17.438898166670697,1758062473.810245,45BA687E-A905-D36F-8907-955048D86C97,-0.4532392,0.9144935,-0.7297221,0.23579304,0.31882545,-0.08007511,0.9145164
17.46516008333856,1758062473.836507,45BA687E-A905-D36F-8907-955048D86C97,-0.45313102,0.9145211,-0.7296709,0.23555921,0.31910145,-0.07980732,0.91450375
17.497648291668156,1758062473.8689952,45BA687E-A905-D36F-8907-955048D86C97,-0.45296976,0.9145528,-0.729542,0.23532908,0.31937307,-0.07954381,0.9144911
17.531988458336855,1758062473.9033353,45BA687E-A905-D36F-8907-955048D86C97,-0.45289633,0.9145771,-0.72953624,0.23510258,0.31964025,-0.079284474,0.91447854
17.565305333337164,1758062473.9366522,45BA687E-A905-D36F-8907-955048D86C97,-0.45279673,0.9146033,-0.72949183,0.23487987,0.31990287,-0.0790295,0.914466
17.598518916667672,1758062473.9698658,45BA687E-A905-D36F-8907-955048D86C97,-0.45270497,0.9146286,-0.72945714,0.23466097,0.32016087,-0.078778945,0.91445357
17.64559579166962,1758062474.0169427,45BA687E-A905-D36F-8907-955048D86C97,-0.45255187,0.9146074,-0.7292924,0.23438253,0.31997043,-0.07880356,0.91458946
17.665448208339512,1758062474.0367951,45BA687E-A905-D36F-8907-955048D86C97,-0.45242465,0.9145849,-0.7291633,0.23411004,0.31978402,-0.07882763,0.9147224
17.698221916667535,1758062474.0695689,45BA687E-A905-D36F-8907-955048D86C97,-0.45224878,0.9145668,-0.72896355,0.23384327,0.31960157,-0.07885116,0.9148524
17.731055125004787,1758062474.102402,45BA687E-A905-D36F-8907-955048D86C97,-0.45254222,0.9145123,-0.729435,0.2335823,0.31942305,-0.0788742,0.9149794
17.766149375005625,1758062474.1374962,45BA687E-A905-D36F-8907-955048D86C97,-0.4523317,0.91449815,-0.7291839,0.23332697,0.31924838,-0.07889673,0.91510355
17.79741141667182,1758062474.1687584,45BA687E-A905-D36F-8907-955048D86C97,-0.45251742,0.9144541,-0.72949797,0.23307723,0.3190775,-0.07891873,0.91522485
17.857064000003447,1758062474.228411,45BA687E-A905-D36F-8907-955048D86C97,-0.45243627,0.9144271,-0.7293066,0.23301001,0.31934565,-0.07888154,0.91515166
17.866912458339357,1758062474.2382593,45BA687E-A905-D36F-8907-955048D86C97,-0.45256326,0.9143854,-0.72941303,0.23294425,0.31960773,-0.07884515,0.91508
17.90738233333832,1758062474.2787292,45BA687E-A905-D36F-8907-955048D86C97,-0.45258245,0.9143524,-0.72936773,0.23287995,0.31986398,-0.078809574,0.91500986
17.932005333335837,1758062474.3033524,45BA687E-A905-D36F-8907-955048D86C97,-0.45257586,0.91432214,-0.72928727,0.23281708,0.32011443,-0.078774795,0.9149413
17.965109250006208,1758062474.3364563,45BA687E-A905-D36F-8907-955048D86C97,-0.4525649,0.9142928,-0.72920233,0.23275566,0.32035914,-0.078740805,0.9148742
17.998872041673167,1758062474.370219,45BA687E-A905-D36F-8907-955048D86C97,-0.45246053,0.91427094,-0.7289876,0.23269558,0.32059833,-0.078707576,0.9148086
18.039061916671926,1758062474.410409,45BA687E-A905-D36F-8907-955048D86C97,-0.45241895,0.91424227,-0.7290894,0.23261175,0.3204813,-0.078547314,0.9148847
18.067533375004132,1758062474.4388804,45BA687E-A905-D36F-8907-955048D86C97,-0.45232412,0.9142188,-0.7291113,0.23253009,0.32036728,-0.07839117,0.9149587
18.097244291668176,1758062474.4685912,45BA687E-A905-D36F-8907-955048D86C97,-0.452218,0.9141965,-0.7291148,0.23245054,0.32025614,-0.0782391,0.91503084
18.133065541667747,1758062474.5044124,45BA687E-A905-D36F-8907-955048D86C97,-0.4521124,0.9141751,-0.72911435,0.23237304,0.32014796,-0.078090936,0.9151011
18.16538070833485,1758062474.5367277,45BA687E-A905-D36F-8907-955048D86C97,-0.4520093,0.91415435,-0.72911364,0.23229754,0.32004252,-0.07794662,0.9151695
18.197139583338867,1758062474.5684865,45BA687E-A905-D36F-8907-955048D86C97,-0.4519078,0.91413414,-0.7291117,0.23222399,0.31993976,-0.07780597,0.91523606
18.242811083335255,1758062474.614158,45BA687E-A905-D36F-8907-955048D86C97,-0.45199755,0.9141126,-0.72920436,0.23216645,0.320134,-0.0778383,0.91517997
18.26510225000675,1758062474.636449,45BA687E-A905-D36F-8907-955048D86C97,-0.4520855,0.9140917,-0.7292948,0.23210989,0.32032502,-0.07787009,0.9151248
18.2985131250025,1758062474.6698601,45BA687E-A905-D36F-8907-955048D86C97,-0.45217204,0.9140709,-0.7293838,0.23205419,0.32051286,-0.077901356,0.9150705
18.34150904166745,1758062474.712856,45BA687E-A905-D36F-8907-955048D86C97,-0.45225677,0.91405046,-0.72947097,0.23199944,0.32069743,-0.07793206,0.91501707
18.36510416666715,1758062474.7364511,45BA687E-A905-D36F-8907-955048D86C97,-0.45234007,0.91403025,-0.7295565,0.23194563,0.32087895,-0.077962264,0.9149645
18.414284541671805,1758062474.7856314,45BA687E-A905-D36F-8907-955048D86C97,-0.45242167,0.9140103,-0.7296404,0.23189275,0.32105726,-0.07799193,0.9149128
18.4374092500002,1758062474.808756,45BA687E-A905-D36F-8907-955048D86C97,-0.45238692,0.91401595,-0.7294679,0.23155932,0.322127,-0.07770891,0.91464525
18.465329083337565,1758062474.8366761,45BA687E-A905-D36F-8907-955048D86C97,-0.4523502,0.9140219,-0.7292883,0.23121263,0.32323772,-0.077414796,0.91436607
18.498463208336034,1758062474.86981,45BA687E-A905-D36F-8907-955048D86C97,-0.45231295,0.9140282,-0.7291041,0.2308541,0.3243846,-0.077110864,0.91407615
18.53198183333734,1758062474.903329,45BA687E-A905-D36F-8907-955048D86C97,-0.45227313,0.9140349,-0.7289135,0.23048542,0.32556227,-0.076798506,0.91377676
18.565049833334342,1758062474.9363968,45BA687E-A905-D36F-8907-955048D86C97,-0.45223424,0.91404164,-0.7287216,0.23010819,0.32676542,-0.07647908,0.91346914
18.597493958339328,1758062474.9688408,45BA687E-A905-D36F-8907-955048D86C97,-0.45219183,0.9140486,-0.72852355,0.22972357,0.3279899,-0.07615367,0.91315424
18.636999500005913,1758062475.0083466,45BA687E-A905-D36F-8907-955048D86C97,-0.45207593,0.9140231,-0.72845304,0.22975114,0.32767418,-0.076225914,0.9132546
18.666169333337166,1758062475.0375164,45BA687E-A905-D36F-8907-955048D86C97,-0.45196316,0.9139982,-0.72838414,0.22977796,0.32736582,-0.076296404,0.91335255
18.69769341666688,1758062475.0690403,45BA687E-A905-D36F-8907-955048D86C97,-0.45185292,0.91397375,-0.7283169,0.22980417,0.32706508,-0.07636518,0.9134479
18.73059366666712,1758062475.1019406,45BA687E-A905-D36F-8907-955048D86C97,-0.45174712,0.9139499,-0.7282531,0.22982965,0.32677144,-0.076432265,0.91354096
18.76410137500352,1758062475.1354482,45BA687E-A905-D36F-8907-955048D86C97,-0.451642,0.9139268,-0.72818834,0.22985451,0.32648516,-0.07649769,0.9136316
18.798281125003996,1758062475.1696281,45BA687E-A905-D36F-8907-955048D86C97,-0.45153964,0.91390413,-0.72812533,0.22987877,0.32620576,-0.07656155,0.91371995
18.85737758333562,1758062475.2287245,45BA687E-A905-D36F-8907-955048D86C97,-0.4514433,0.9138817,-0.72806764,0.22990236,0.3259333,-0.07662378,0.913806
18.89169850000326,1758062475.2630455,45BA687E-A905-D36F-8907-955048D86C97,-0.45134833,0.9138599,-0.72801,0.22992538,0.3256675,-0.0766845,0.9138899
18.90796437500103,1758062475.2793114,45BA687E-A905-D36F-8907-955048D86C97,-0.45125467,0.91383874,-0.72795254,0.22994779,0.32540825,-0.07674368,0.9139716
18.93210066667234,1758062475.3034477,45BA687E-A905-D36F-8907-955048D86C97,-0.45116383,0.91381794,-0.72789717,0.22996965,0.3251556,-0.07680138,0.91405123
18.965282125005615,1758062475.3366292,45BA687E-A905-D36F-8907-955048D86C97,-0.45107505,0.9137978,-0.7278429,0.22999091,0.3249091,-0.07685766,0.9141288
18.99780504166847,1758062475.369152,45BA687E-A905-D36F-8907-955048D86C97,-0.45098856,0.913778,-0.72779,0.23001167,0.32466877,-0.07691251,0.9142043
19.03838800000085,1758062475.409735,45BA687E-A905-D36F-8907-955048D86C97,-0.45081478,0.91397256,-0.727985,0.23050378,0.3241297,-0.07694783,0.9142687
19.06460062500264,1758062475.4359477,45BA687E-A905-D36F-8907-955048D86C97,-0.45064232,0.9141657,-0.72817874,0.23099221,0.3235943,-0.07698286,0.9143321
19.098349125000823,1758062475.469696,45BA687E-A905-D36F-8907-955048D86C97,-0.45047128,0.91435736,-0.7283712,0.23147671,0.32306302,-0.077017576,0.9143945
19.132339791671257,1758062475.5036867,45BA687E-A905-D36F-8907-955048D86C97,-0.4502989,0.9145472,-0.72855884,0.23195653,0.32253653,-0.07705193,0.9144559
19.165043041670287,1758062475.53639,45BA687E-A905-D36F-8907-955048D86C97,-0.4501282,0.9147353,-0.72874445,0.23243143,0.32201508,-0.0770859,0.9145162
19.197646750006243,1758062475.5689938,45BA687E-A905-D36F-8907-955048D86C97,-0.44985172,0.91492903,-0.72877645,0.23290096,0.3214994,-0.077119455,0.9145754
19.23978416666796,1758062475.6111312,45BA687E-A905-D36F-8907-955048D86C97,-0.4501427,0.91486835,-0.7288771,0.23283294,0.32241622,-0.077468224,0.9142404
19.26525079167186,1758062475.6365976,45BA687E-A905-D36F-8907-955048D86C97,-0.45036116,0.9148131,-0.72887623,0.23276493,0.32332996,-0.07781586,0.91390544
19.297865333333903,1758062475.6692123,45BA687E-A905-D36F-8907-955048D86C97,-0.45056525,0.9147592,-0.728856,0.23269695,0.32423866,-0.078161635,0.91357124
19.3386967500046,1758062475.7100437,45BA687E-A905-D36F-8907-955048D86C97,-0.4507655,0.9147059,-0.72883224,0.2326292,0.3251415,-0.07850522,0.9132381
19.364294708335365,1758062475.7356417,45BA687E-A905-D36F-8907-955048D86C97,-0.4509641,0.9146531,-0.728808,0.23256171,0.32603672,-0.078845985,0.91290665
19.405285208333225,1758062475.776632,45BA687E-A905-D36F-8907-955048D86C97,-0.45116055,0.91460073,-0.728783,0.2324946,0.32692382,-0.07918366,0.9125773
19.436470750006265,1758062475.8078177,45BA687E-A905-D36F-8907-955048D86C97,-0.45109555,0.9146557,-0.7289411,0.23264563,0.32638714,-0.07914848,0.9127339
19.464964416671137,1758062475.8363113,45BA687E-A905-D36F-8907-955048D86C97,-0.4510315,0.91470957,-0.7290952,0.23279335,0.32586205,-0.079114035,0.9128868
19.497339541667316,1758062475.8686864,45BA687E-A905-D36F-8907-955048D86C97,-0.45096937,0.91476226,-0.7292465,0.23293768,0.32534862,-0.07908032,0.9130361
19.531639708337025,1758062475.9029868,45BA687E-A905-D36F-8907-955048D86C97,-0.45090914,0.91481394,-0.72939473,0.23307867,0.32484642,-0.07904733,0.9131817
19.565244249999523,1758062475.9365911,45BA687E-A905-D36F-8907-955048D86C97,-0.45084926,0.9148648,-0.7295382,0.23321643,0.32435563,-0.07901507,0.9133238
19.59787304166821,1758062475.96922,45BA687E-A905-D36F-8907-955048D86C97,-0.45079058,0.9149148,-0.7296778,0.2333509,0.32387614,-0.07898354,0.91346234
19.64545112500491,1758062476.016798,45BA687E-A905-D36F-8907-955048D86C97,-0.45073485,0.9149638,-0.72981584,0.23348223,0.32340765,-0.07895272,0.9135974
19.666613541667175,1758062476.0379605,45BA687E-A905-D36F-8907-955048D86C97,-0.4506764,0.91501194,-0.7299458,0.2336104,0.32295024,-0.07892263,0.913729
19.697436458336597,1758062476.0687835,45BA687E-A905-D36F-8907-955048D86C97,-0.45062336,0.9150592,-0.7300772,0.23373544,0.32250342,-0.0788932,0.9138574
19.731681000004755,1758062476.103028,45BA687E-A905-D36F-8907-955048D86C97,-0.45056957,0.91510546,-0.7302027,0.2338575,0.32206738,-0.07886448,0.9139824
19.765075875002367,1758062476.1364229,45BA687E-A905-D36F-8907-955048D86C97,-0.45051616,0.91515046,-0.7303243,0.23397654,0.32164162,-0.078836426,0.9141043
19.797234458339517,1758062476.1685815,45BA687E-A905-D36F-8907-955048D86C97,-0.4504654,0.9151946,-0.73044485,0.23409262,0.32122627,-0.07880904,0.91422296
19.840616333334765,1758062476.2119632,45BA687E-A905-D36F-8907-955048D86C97,-0.45041296,0.9152374,-0.7305589,0.23420584,0.32082084,-0.07878229,0.9143386
19.86518950000027,1758062476.2365365,45BA687E-A905-D36F-8907-955048D86C97,-0.45036268,0.91527915,-0.7306714,0.23431626,0.3204253,-0.07875619,0.91445124
19.90589233333594,1758062476.2772393,45BA687E-A905-D36F-8907-955048D86C97,-0.45031318,0.9153195,-0.7307809,0.23442389,0.3200396,-0.07873073,0.914561
19.931716833336395,1758062476.3030639,45BA687E-A905-D36F-8907-955048D86C97,-0.4502646,0.9153589,-0.7308873,0.2345288,0.31966326,-0.07870587,0.9146678
19.96509437500208,1758062476.3364413,45BA687E-A905-D36F-8907-955048D86C97,-0.4502179,0.9153962,-0.7309938,0.23463108,0.3192964,-0.07868165,0.91477174
19.99717754167068,1758062476.3685246,45BA687E-A905-D36F-8907-955048D86C97,-0.45017222,0.91543263,-0.73109764,0.23473077,0.3189385,-0.07865799,0.91487306
20.03225587500492,1758062476.4036028,45BA687E-A905-D36F-8907-955048D86C97,-0.45012766,0.9154681,-0.73119885,0.23482792,0.31858963,-0.07863494,0.91497165
20.066628250002395,1758062476.4379752,45BA687E-A905-D36F-8907-955048D86C97,-0.4500841,0.9155027,-0.73129743,0.23492263,0.31824937,-0.07861245,0.9150677
20.09902883333416,1758062476.4703758,45BA687E-A905-D36F-8907-955048D86C97,-0.4500416,0.91553646,-0.7313935,0.23501492,0.31791782,-0.078590505,0.91516113
20.145232500006387,1758062476.5165794,45BA687E-A905-D36F-8907-955048D86C97,-0.45000005,0.91556937,-0.73148715,0.23510483,0.3175944,-0.07856911,0.91525215
20.166462958339253,1758062476.5378098,45BA687E-A905-D36F-8907-955048D86C97,-0.44995952,0.91560143,-0.7315784,0.23519245,0.31727922,-0.07854823,0.9153407
20.197247916672495,1758062476.568595,45BA687E-A905-D36F-8907-955048D86C97,-0.44991997,0.91563267,-0.7316673,0.23527783,0.3169719,-0.078527875,0.91542697
20.231480416667182,1758062476.6028273,45BA687E-A905-D36F-8907-955048D86C97,-0.44988137,0.9156631,-0.73175395,0.23536105,0.31667238,-0.07850805,0.91551095
20.265387791667308,1758062476.6367347,45BA687E-A905-D36F-8907-955048D86C97,-0.44984367,0.9156928,-0.73183835,0.23544209,0.31638044,-0.07848871,0.91559273
20.29740541666979,1758062476.6687524,45BA687E-A905-D36F-8907-955048D86C97,-0.4498069,0.9157218,-0.73192066,0.23552108,0.31609583,-0.078469865,0.9156723
20.34073645833996,1758062476.7120833,45BA687E-A905-D36F-8907-955048D86C97,-0.44977096,0.91574997,-0.73200077,0.235598,0.31581843,-0.07845146,0.9157498
20.364741166667955,1758062476.736088,45BA687E-A905-D36F-8907-955048D86C97,-0.44973594,0.91577744,-0.73207885,0.23567297,0.31554803,-0.07843352,0.91582525
20.406186750005872,1758062476.7775338,45BA687E-A905-D36F-8907-955048D86C97,-0.44970176,0.91580427,-0.7321549,0.23574603,0.31528455,-0.07841604,0.9158987
20.431464958339348,1758062476.8028119,45BA687E-A905-D36F-8907-955048D86C97,-0.44966832,0.9158304,-0.73222905,0.23581721,0.31502765,-0.078398995,0.9159702
20.466035166668007,1758062476.837382,45BA687E-A905-D36F-8907-955048D86C97,-0.44960698,0.9158562,-0.7322736,0.23588659,0.31477734,-0.07838239,0.9160398
20.498938250006177,1758062476.8702853,45BA687E-A905-D36F-8907-955048D86C97,-0.44957295,0.9158789,-0.73234534,0.23595415,0.31453326,-0.07836619,0.91610765
20.531729041671497,1758062476.903076,45BA687E-A905-D36F-8907-955048D86C97,-0.44953877,0.91590106,-0.73241425,0.23602001,0.31429535,-0.078350395,0.91617376
20.571478166668385,1758062476.942825,45BA687E-A905-D36F-8907-955048D86C97,-0.4495056,0.9159227,-0.732481,0.2360842,0.31406343,-0.078335,0.916238
20.597444500002894,1758062476.9687915,45BA687E-A905-D36F-8907-955048D86C97,-0.4494735,0.9159439,-0.7325459,0.23614676,0.31383738,-0.07831999,0.91630065
20.641615500004264,1758062477.0129623,45BA687E-A905-D36F-8907-955048D86C97,-0.44944373,0.9159648,-0.7326111,0.2362077,0.31361702,-0.078305356,0.91636163
20.66575991667196,1758062477.0371068,45BA687E-A905-D36F-8907-955048D86C97,-0.449414,0.9159853,-0.7326735,0.23626707,0.31340212,-0.078291066,0.91642106
20.69735483333352,1758062477.0687017,45BA687E-A905-D36F-8907-955048D86C97,-0.44938388,0.9160051,-0.7327328,0.236325,0.31319275,-0.07827715,0.9164789
20.73162304166908,1758062477.10297,45BA687E-A905-D36F-8907-955048D86C97,-0.44935545,0.91602445,-0.7327919,0.23638143,0.31298852,-0.07826357,0.91653526
20.771287125004164,1758062477.1426342,45BA687E-A905-D36F-8907-955048D86C97,-0.4491734,0.9159618,-0.73263603,0.23631456,0.3127376,-0.07797177,0.916663
20.79728520833305,1758062477.1686323,45BA687E-A905-D36F-8907-955048D86C97,-0.4489932,0.9159002,-0.7324814,0.23624854,0.31249002,-0.07768388,0.9167889
20.84113733333652,1758062477.2124844,45BA687E-A905-D36F-8907-955048D86C97,-0.44881472,0.9158395,-0.73232704,0.23618348,0.31224597,-0.07740016,0.9169128
20.864879333334102,1758062477.2362263,45BA687E-A905-D36F-8907-955048D86C97,-0.4486403,0.9157798,-0.73217696,0.23611929,0.3120054,-0.077120505,0.91703475
20.905366416671313,1758062477.2767134,45BA687E-A905-D36F-8907-955048D86C97,-0.448468,0.91572124,-0.7320278,0.23605603,0.31176838,-0.076845035,0.9171548
20.931205708337075,1758062477.3025527,45BA687E-A905-D36F-8907-955048D86C97,-0.44829836,0.915664,-0.7318801,0.23599377,0.31153506,-0.076573886,0.91727275
20.97033579167328,1758062477.3416827,45BA687E-A905-D36F-8907-955048D86C97,-0.4483884,0.9154977,-0.7318892,0.23536307,0.31216034,-0.07661559,0.91721874
20.997396708335145,1758062477.3687437,45BA687E-A905-D36F-8907-955048D86C97,-0.44847834,0.91533196,-0.7318981,0.23473361,0.31278396,-0.07665712,0.9171641
21.031292958337872,1758062477.4026399,45BA687E-A905-D36F-8907-955048D86C97,-0.4485672,0.91516644,-0.7319057,0.23410591,0.31340548,-0.07669849,0.9171089
21.064920458338747,1758062477.4362674,45BA687E-A905-D36F-8907-955048D86C97,-0.44865602,0.91500175,-0.73191327,0.23348098,0.31402367,-0.07673957,0.9170533
21.097770250002213,1758062477.4691172,45BA687E-A905-D36F-8907-955048D86C97,-0.44874442,0.91483796,-0.7319207,0.23285927,0.31463838,-0.07678038,0.91699725
21.13143995833525,1758062477.5027869,45BA687E-A905-D36F-8907-955048D86C97,-0.4488329,0.9146755,-0.7319289,0.23224173,0.31524858,-0.07682085,0.9169409
21.17897345833626,1758062477.5503204,45BA687E-A905-D36F-8907-955048D86C97,-0.44892,0.914514,-0.73193574,0.23162863,0.3158539,-0.07686097,0.9168843
21.197270666671102,1758062477.5686176,45BA687E-A905-D36F-8907-955048D86C97,-0.44900525,0.9143539,-0.73194087,0.2310207,0.31645378,-0.07690068,0.9168275
21.231137333335937,1758062477.6024842,45BA687E-A905-D36F-8907-955048D86C97,-0.44909015,0.9141954,-0.7319466,0.23041865,0.31704748,-0.07693995,0.91677064
21.26536758333532,1758062477.6367145,45BA687E-A905-D36F-8907-955048D86C97,-0.44917446,0.9140383,-0.73195267,0.22982259,0.31763485,-0.07697876,0.91671365
21.29834129167284,1758062477.6696882,45BA687E-A905-D36F-8907-955048D86C97,-0.44925755,0.91388303,-0.731958,0.22923326,0.3182152,-0.07701705,0.91665673
21.338124041671108,1758062477.709471,45BA687E-A905-D36F-8907-955048D86C97,-0.4493394,0.9137295,-0.73196286,0.22865076,0.31878847,-0.077054836,0.91659987
21.37388854166784,1758062477.7452354,45BA687E-A905-D36F-8907-955048D86C97,-0.44954184,0.9136518,-0.7320141,0.2288209,0.318997,-0.07714142,0.91647756
21.404338916669076,1758062477.7756858,45BA687E-A905-D36F-8907-955048D86C97,-0.4497397,0.91357577,-0.732064,0.22898728,0.31920093,-0.07722609,0.9163579
21.431445000001986,1758062477.8027918,45BA687E-A905-D36F-8907-955048D86C97,-0.4499341,0.9135016,-0.73211414,0.2291499,0.3194003,-0.07730884,0.9162408
21.464961375000712,1758062477.8363082,45BA687E-A905-D36F-8907-955048D86C97,-0.45012307,0.913429,-0.7321615,0.22930884,0.31959516,-0.07738976,0.91612625
21.497361166671908,1758062477.8687081,45BA687E-A905-D36F-8907-955048D86C97,-0.45030835,0.9133582,-0.7322082,0.22946417,0.31978554,-0.0774688,0.9160142
21.53170783333917,1758062477.9030547,45BA687E-A905-D36F-8907-955048D86C97,-0.4504893,0.91328907,-0.73225385,0.22961597,0.31997156,-0.07754606,0.91590464
21.573872000000847,1758062477.945219,45BA687E-A905-D36F-8907-955048D86C97,-0.45047787,0.9132507,-0.73215175,0.22940737,0.3203625,-0.07733917,0.91583776
21.597176041672355,1758062477.968523,45BA687E-A905-D36F-8907-955048D86C97,-0.4504663,0.91321325,-0.73205155,0.22920305,0.32074514,-0.07713659,0.9157721
21.631713708338793,1758062478.0030606,45BA687E-A905-D36F-8907-955048D86C97,-0.45045456,0.91317654,-0.7319529,0.22900295,0.32111984,-0.0769382,0.9157075
21.664886791666504,1758062478.0362337,45BA687E-A905-D36F-8907-955048D86C97,-0.4504437,0.9131407,-0.73185736,0.22880708,0.3214865,-0.07674401,0.9156441
21.697483791671402,1758062478.0688307,45BA687E-A905-D36F-8907-955048D86C97,-0.45043185,0.9131055,-0.73176235,0.22861525,0.32184532,-0.076553896,0.9155819
21.730908791672846,1758062478.1022558,45BA687E-A905-D36F-8907-955048D86C97,-0.4504217,0.9130713,-0.7316714,0.22842751,0.3221962,-0.07636787,0.91552085
21.772385791671695,1758062478.1437328,45BA687E-A905-D36F-8907-955048D86C97,-0.45035928,0.9130993,-0.73158944,0.22877298,0.32183644,-0.07633538,0.9155638
21.79716941666993,1758062478.1685164,45BA687E-A905-D36F-8907-955048D86C97,-0.45029804,0.91312665,-0.7315089,0.22911201,0.3214832,-0.07630349,0.91560584
21.838970791672182,1758062478.2103179,45BA687E-A905-D36F-8907-955048D86C97,-0.45024034,0.9131535,-0.73143345,0.22944471,0.32113644,-0.07627216,0.9156468
21.865251208335394,1758062478.2365983,45BA687E-A905-D36F-8907-955048D86C97,-0.4501818,0.9131798,-0.73135626,0.22977106,0.3207961,-0.07624139,0.9156868
21.904247583333927,1758062478.2755945,45BA687E-A905-D36F-8907-955048D86C97,-0.45012397,0.9132055,-0.7312798,0.23009098,0.32046232,-0.07621121,0.9157259
21.93150129167043,1758062478.3028483,45BA687E-A905-D36F-8907-955048D86C97,-0.45006737,0.91323066,-0.7312047,0.2304048,0.32013494,-0.0761816,0.9157639
21.98179379166686,1758062478.3531408,45BA687E-A905-D36F-8907-955048D86C97,-0.45001265,0.91325516,-0.7311324,0.2307122,0.319814,-0.07615257,0.91580105
21.99755191666918,1758062478.3688989,45BA687E-A905-D36F-8907-955048D86C97,-0.44995898,0.91327935,-0.731061,0.23101357,0.31949934,-0.07612409,0.9158373
22.03077804166969,1758062478.402125,45BA687E-A905-D36F-8907-955048D86C97,-0.4499059,0.9133028,-0.73099035,0.2313087,0.31919107,-0.07609618,0.91587263
22.06408837500203,1758062478.4354353,45BA687E-A905-D36F-8907-955048D86C97,-0.4498534,0.9133258,-0.7309204,0.23159786,0.31888893,-0.0760688,0.9159071
22.09915825000644,1758062478.4705052,45BA687E-A905-D36F-8907-955048D86C97,-0.44980308,0.91334844,-0.73085326,0.23188098,0.31859306,-0.076042,0.91594064
22.132416125001328,1758062478.503763,45BA687E-A905-D36F-8907-955048D86C97,-0.44975418,0.91337025,-0.73078805,0.23215824,0.31830317,-0.07601574,0.91597337
22.17196704167145,1758062478.543314,45BA687E-A905-D36F-8907-955048D86C97,-0.4497878,0.913472,-0.7307368,0.23238127,0.31826037,-0.07596687,0.91593575
22.198533500006306,1758062478.5698805,45BA687E-A905-D36F-8907-955048D86C97,-0.44982323,0.91357136,-0.73069024,0.23259895,0.31821862,-0.075919196,0.9158989
22.232280250005715,1758062478.6036272,45BA687E-A905-D36F-8907-955048D86C97,-0.4498559,0.9136682,-0.730642,0.2328113,0.31817788,-0.07587267,0.915863
22.26479833333724,1758062478.6361454,45BA687E-A905-D36F-8907-955048D86C97,-0.44988802,0.9137626,-0.7305955,0.2330184,0.31813806,-0.07582728,0.9158279
22.297269000002416,1758062478.668616,45BA687E-A905-D36F-8907-955048D86C97,-0.4499205,0.9138548,-0.7305517,0.2332205,0.31809932,-0.07578299,0.91579354
22.33806758333958,1758062478.7094145,45BA687E-A905-D36F-8907-955048D86C97,-0.44995227,0.9139446,-0.73050904,0.2334176,0.3180614,-0.07573979,0.91576004
22.370982958338573,1758062478.7423298,45BA687E-A905-D36F-8907-955048D86C97,-0.45017242,0.9139435,-0.73070097,0.23354325,0.31841314,-0.07587301,0.9155948
22.40613954167202,1758062478.7774866,45BA687E-A905-D36F-8907-955048D86C97,-0.45038915,0.91394264,-0.7308896,0.2336668,0.31875902,-0.07600404,0.91543204
22.430455083333072,1758062478.801802,45BA687E-A905-D36F-8907-955048D86C97,-0.4506025,0.91394186,-0.7310752,0.23378836,0.31909925,-0.07613294,0.9152717
22.46386591666669,1758062478.835213,45BA687E-A905-D36F-8907-955048D86C97,-0.45081258,0.9139412,-0.73125774,0.2339078,0.3194337,-0.076259635,0.915114
22.49713625000004,1758062478.8684833,45BA687E-A905-D36F-8907-955048D86C97,-0.45101896,0.9139406,-0.7314365,0.2340252,0.31976247,-0.076384194,0.9149587
22.531654708334827,1758062478.9030015,45BA687E-A905-D36F-8907-955048D86C97,-0.4512218,0.9139401,-0.731612,0.23414052,0.32008544,-0.07650657,0.914806
22.572305000001506,1758062478.943652,45BA687E-A905-D36F-8907-955048D86C97,-0.45130625,0.9139574,-0.7317285,0.23467447,0.3196496,-0.07646515,0.91482514
22.597161500001675,1758062478.9685085,45BA687E-A905-D36F-8907-955048D86C97,-0.45138878,0.9139747,-0.7318426,0.23520002,0.3192203,-0.07642433,0.91484344
22.630994416671456,1758062479.0023413,45BA687E-A905-D36F-8907-955048D86C97,-0.4514698,0.9139916,-0.7319549,0.23571688,0.31879798,-0.07638416,0.914861
22.664884583333333,1758062479.0362315,45BA687E-A905-D36F-8907-955048D86C97,-0.45154962,0.9140085,-0.7320656,0.23622519,0.31838232,-0.076344594,0.91487795
22.697053291667544,1758062479.0684001,45BA687E-A905-D36F-8907-955048D86C97,-0.45162827,0.9140253,-0.7321749,0.23672476,0.31797367,-0.076305695,0.91489416
22.730652375001227,1758062479.1019993,45BA687E-A905-D36F-8907-955048D86C97,-0.4517055,0.91404194,-0.73228234,0.23721573,0.31757182,-0.07626741,0.9149098
22.770472500000324,1758062479.1418195,45BA687E-A905-D36F-8907-955048D86C97,-0.4517028,0.9139844,-0.7321931,0.23740497,0.31772557,-0.07633358,0.9148018
22.79793162500573,1758062479.1692786,45BA687E-A905-D36F-8907-955048D86C97,-0.45170006,0.9139281,-0.7321057,0.23759006,0.31787592,-0.076398306,0.9146961
22.84281012500287,1758062479.214157,45BA687E-A905-D36F-8907-955048D86C97,-0.45169726,0.9138731,-0.7320201,0.23777094,0.3180229,-0.07646155,0.9145927
22.865294166673266,1758062479.2366412,45BA687E-A905-D36F-8907-955048D86C97,-0.45169413,0.9138192,-0.731936,0.23794784,0.31816658,-0.0765234,0.91449153
22.907427916667075,1758062479.278775,45BA687E-A905-D36F-8907-955048D86C97,-0.45169157,0.9137665,-0.7318543,0.2381207,0.318307,-0.07658386,0.9143926
22.93074295833503,1758062479.30209,45BA687E-A905-D36F-8907-955048D86C97,-0.4516888,0.9137151,-0.7317743,0.23828968,0.31844422,-0.07664294,0.91429585
22.988416416672408,1758062479.3597634,45BA687E-A905-D36F-8907-955048D86C97,-0.45168614,0.9136647,-0.73169595,0.23845485,0.31857836,-0.07670069,0.9142012
22.99775850000151,1758062479.3691053,45BA687E-A905-D36F-8907-955048D86C97,-0.45168373,0.9136154,-0.73161995,0.23861624,0.31870943,-0.076757126,0.9141087
23.031636083338526,1758062479.402983,45BA687E-A905-D36F-8907-955048D86C97,-0.4516808,0.9135672,-0.73154485,0.23877399,0.3188375,-0.0768123,0.91401815
23.064868541667238,1758062479.4362154,45BA687E-A905-D36F-8907-955048D86C97,-0.45167848,0.91352016,-0.7314722,0.23892811,0.31896266,-0.07686619,0.9139297
23.097546666671406,1758062479.4688935,45BA687E-A905-D36F-8907-955048D86C97,-0.4516759,0.9134741,-0.7314008,0.23907873,0.31908494,-0.07691886,0.91384315
23.130951541672403,1758062479.5022986,45BA687E-A905-D36F-8907-955048D86C97,-0.4516727,0.9134291,-0.7313302,0.23922591,0.31920445,-0.076970324,0.9137585
23.17490175000421,1758062479.5462487,45BA687E-A905-D36F-8907-955048D86C97,-0.45175457,0.9135021,-0.73142827,0.23938067,0.31934604,-0.07688469,0.9136758
23.1983328750066,1758062479.5696797,45BA687E-A905-D36F-8907-955048D86C97,-0.45183477,0.9135734,-0.73152435,0.23953196,0.3194844,-0.07680095,0.9135947
23.231692000001203,1758062479.603039,45BA687E-A905-D36F-8907-955048D86C97,-0.4519127,0.9136431,-0.73161757,0.2396798,0.3196197,-0.07671912,0.9135155
23.265119458337722,1758062479.6364665,45BA687E-A905-D36F-8907-955048D86C97,-0.45198846,0.91371137,-0.73170793,0.23982438,0.31975192,-0.0766391,0.913438
23.298076416671393,1758062479.6694233,45BA687E-A905-D36F-8907-955048D86C97,-0.4520626,0.9137781,-0.7317964,0.23996563,0.31988117,-0.076560885,0.9133622
23.343821583337558,1758062479.7151685,45BA687E-A905-D36F-8907-955048D86C97,-0.45213634,0.91384333,-0.7318845,0.24010375,0.32000744,-0.076484405,0.91328806
23.372858750000887,1758062479.7442057,45BA687E-A905-D36F-8907-955048D86C97,-0.45212436,0.9138495,-0.7319277,0.24021377,0.31971696,-0.076543115,0.91335595
23.41200600000593,1758062479.7833529,45BA687E-A905-D36F-8907-955048D86C97,-0.45211208,0.9138554,-0.73196936,0.24032155,0.3194324,-0.076600604,0.91342235
23.43190400000458,1758062479.803251,45BA687E-A905-D36F-8907-955048D86C97,-0.45209974,0.9138613,-0.73200965,0.24042693,0.3191539,-0.07665686,0.91348726
23.464031833333138,1758062479.835379,45BA687E-A905-D36F-8907-955048D86C97,-0.45208803,0.913867,-0.7320498,0.24053016,0.31888118,-0.07671193,0.9135507
23.497998583334265,1758062479.8693454,45BA687E-A905-D36F-8907-955048D86C97,-0.45207575,0.91387266,-0.7320879,0.24063107,0.3186142,-0.076765805,0.9136127
23.53204108333739,1758062479.903388,45BA687E-A905-D36F-8907-955048D86C97,-0.45206475,0.9138782,-0.73212665,0.24072991,0.31835285,-0.076818556,0.91367334
23.573862541670678,1758062479.9452095,45BA687E-A905-D36F-8907-955048D86C97,-0.45219666,0.9138468,-0.7322978,0.24089852,0.31825632,-0.076786645,0.91366524
23.597957833335386,1758062479.9693048,45BA687E-A905-D36F-8907-955048D86C97,-0.45232734,0.9138159,-0.7324676,0.24106398,0.31816155,-0.076755315,0.9136572
23.631394291667675,1758062480.0027413,45BA687E-A905-D36F-8907-955048D86C97,-0.45245522,0.9137858,-0.7326338,0.24122642,0.3180685,-0.076724544,0.9136493
23.664845875005994,1758062480.036193,45BA687E-A905-D36F-8907-955048D86C97,-0.45258075,0.9137563,-0.732797,0.2413858,0.3179772,-0.076694354,0.9136416
23.697321083338466,1758062480.0686681,45BA687E-A905-D36F-8907-955048D86C97,-0.45270357,0.9137274,-0.73295665,0.24154228,0.3178876,-0.07666472,0.9136339
23.73146958333382,1758062480.1028166,45BA687E-A905-D36F-8907-955048D86C97,-0.4528246,0.913699,-0.7331142,0.24169575,0.31779966,-0.07663566,0.9136263
23.774564791667217,1758062480.1459117,45BA687E-A905-D36F-8907-955048D86C97,-0.45274293,0.9136879,-0.73296857,0.24131413,0.31824332,-0.076512195,0.9135831
23.79735958333913,1758062480.1687064,45BA687E-A905-D36F-8907-955048D86C97,-0.45266291,0.9136772,-0.7328259,0.24093728,0.31868136,-0.07639027,0.9135401
23.85480375000043,1758062480.2261508,45BA687E-A905-D36F-8907-955048D86C97,-0.45258456,0.91366684,-0.7326859,0.24056509,0.31911376,-0.07626986,0.9134973
23.864516250003362,1758062480.2358632,45BA687E-A905-D36F-8907-955048D86C97,-0.45250624,0.9136567,-0.7325469,0.24019775,0.31954032,-0.076151,0.9134548
23.908852458334877,1758062480.2801995,45BA687E-A905-D36F-8907-955048D86C97,-0.4524288,0.9136468,-0.7324094,0.23983538,0.3199609,-0.07603377,0.9134126
23.931414916667563,1758062480.3027618,45BA687E-A905-D36F-8907-955048D86C97,-0.45235276,0.9136371,-0.7322747,0.23947792,0.32037556,-0.07591813,0.9133706
23.97469970833481,1758062480.3460467,45BA687E-A905-D36F-8907-955048D86C97,-0.4523976,0.91363,-0.73224896,0.2397253,0.32043338,-0.07583862,0.91329205
23.99756458333286,1758062480.3689115,45BA687E-A905-D36F-8907-955048D86C97,-0.45244268,0.9136232,-0.73222536,0.23996763,0.32049,-0.07576075,0.913215
24.030848916670948,1758062480.402196,45BA687E-A905-D36F-8907-955048D86C97,-0.45248544,0.9136166,-0.73220026,0.24020475,0.32054532,-0.0756845,0.9131395
24.07588620833849,1758062480.4472332,45BA687E-A905-D36F-8907-955048D86C97,-0.45252812,0.91360986,-0.7321769,0.24043705,0.3205996,-0.07560984,0.91306555
24.09715379167028,1758062480.4685009,45BA687E-A905-D36F-8907-955048D86C97,-0.4525686,0.9136035,-0.73215204,0.24066433,0.32065263,-0.07553675,0.91299313
24.131504291668534,1758062480.5028512,45BA687E-A905-D36F-8907-955048D86C97,-0.45260975,0.913597,-0.73213005,0.24088691,0.32070455,-0.07546518,0.9129221
24.173892166669248,1758062480.5452392,45BA687E-A905-D36F-8907-955048D86C97,-0.45255896,0.91359913,-0.73217833,0.24115469,0.32033628,-0.075438984,0.9129829
24.199520375004795,1758062480.5708673,45BA687E-A905-D36F-8907-955048D86C97,-0.45250922,0.9136012,-0.7322261,0.24141814,0.31997392,-0.07541322,0.9130424
24.231856458332913,1758062480.6032033,45BA687E-A905-D36F-8907-955048D86C97,-0.4524604,0.91360337,-0.73227316,0.24167717,0.31961742,-0.07538785,0.91310084
24.264740124999662,1758062480.6360872,45BA687E-A905-D36F-8907-955048D86C97,-0.4524114,0.9136055,-0.732318,0.24193177,0.31926697,-0.0753629,0.91315806
24.297562791667588,1758062480.6689098,45BA687E-A905-D36F-8907-955048D86C97,-0.45236328,0.91360754,-0.7323623,0.24218206,0.3189223,-0.07533837,0.9132142
24.345445958337223,1758062480.7167928,45BA687E-A905-D36F-8907-955048D86C97,-0.452317,0.9136096,-0.7324072,0.242428,0.31858358,-0.07531425,0.91326916
24.377171791667934,1758062480.7485187,45BA687E-A905-D36F-8907-955048D86C97,-0.4522476,0.9136156,-0.7323554,0.24245627,0.3186008,-0.07550829,0.9132396
24.412842041667318,1758062480.784189,45BA687E-A905-D36F-8907-955048D86C97,-0.4521785,0.91362125,-0.73230386,0.24248393,0.31861776,-0.0756983,0.91321063
24.431626083336596,1758062480.802973,45BA687E-A905-D36F-8907-955048D86C97,-0.45211136,0.91362685,-0.73225397,0.24251103,0.3186343,-0.075884484,0.9131822
24.467275708339002,1758062480.8386226,45BA687E-A905-D36F-8907-955048D86C97,-0.45204508,0.9136323,-0.73220444,0.24253754,0.3186505,-0.07606679,0.91315436
24.49739387500449,1758062480.8687408,45BA687E-A905-D36F-8907-955048D86C97,-0.45197976,0.9136378,-0.73215514,0.24256355,0.3186664,-0.07624539,0.913127
24.531608125005732,1758062480.902955,45BA687E-A905-D36F-8907-955048D86C97,-0.45191598,0.91364294,-0.7321074,0.24258898,0.3186819,-0.07642032,0.9131002
24.574003083333082,1758062480.94535,45BA687E-A905-D36F-8907-955048D86C97,-0.452113,0.9136077,-0.7323347,0.24279943,0.31883457,-0.076514296,0.91298306
24.598990166668955,1758062480.9703372,45BA687E-A905-D36F-8907-955048D86C97,-0.45230776,0.9135731,-0.732559,0.24300729,0.3189854,-0.0766071,0.91286737
24.63212308333459,1758062481.00347,45BA687E-A905-D36F-8907-955048D86C97,-0.45250008,0.9135391,-0.73278046,0.24321231,0.31913412,-0.07669868,0.91275305
24.664649375001318,1758062481.0359964,45BA687E-A905-D36F-8907-955048D86C97,-0.45268986,0.9135057,-0.7329985,0.2434147,0.31928095,-0.07678906,0.9126401
24.698541708334233,1758062481.0698886,45BA687E-A905-D36F-8907-955048D86C97,-0.45287707,0.91347283,-0.73321354,0.24361429,0.3194257,-0.07687819,0.9125287
24.73168595833704,1758062481.1030328,45BA687E-A905-D36F-8907-955048D86C97,-0.45306283,0.9134405,-0.73342687,0.24381112,0.31956849,-0.076966085,0.9124187
24.77390545833623,1758062481.1452525,45BA687E-A905-D36F-8907-955048D86C97,-0.45298585,0.913492,-0.7333746,0.24374188,0.3198348,-0.076748155,0.9123623
24.798133791671717,1758062481.1694808,45BA687E-A905-D36F-8907-955048D86C97,-0.4529108,0.91354275,-0.7333238,0.24367379,0.3200965,-0.07653398,0.9123067
24.84445295833575,1758062481.2157998,45BA687E-A905-D36F-8907-955048D86C97,-0.45283738,0.9135926,-0.7332744,0.24360688,0.32035342,-0.076323606,0.912252
24.864930875002756,1758062481.2362778,45BA687E-A905-D36F-8907-955048D86C97,-0.45276493,0.91364163,-0.73322535,0.24354114,0.32060587,-0.07611695,0.9121981
24.908646083335043,1758062481.279993,45BA687E-A905-D36F-8907-955048D86C97,-0.4526929,0.91368973,-0.73317623,0.24347652,0.32085365,-0.075913966,0.91214514
24.931999666667252,1758062481.3033466,45BA687E-A905-D36F-8907-955048D86C97,-0.4526234,0.9137369,-0.7331296,0.24341309,0.32109693,-0.0757147,0.912093
24.98937566667155,1758062481.3607225,45BA687E-A905-D36F-8907-955048D86C97,-0.45255342,0.91378313,-0.73308206,0.24335077,0.32133582,-0.075518996,0.9120417
24.99818645833875,1758062481.3695333,45BA687E-A905-D36F-8907-955048D86C97,-0.45248622,0.9138288,-0.7330369,0.24328957,0.32157022,-0.07532692,0.91199136
25.031744958338095,1758062481.403092,45BA687E-A905-D36F-8907-955048D86C97,-0.45242065,0.9138735,-0.73299325,0.24322946,0.32180032,-0.07513833,0.9119418
25.065177250005945,1758062481.4365242,45BA687E-A905-D36F-8907-955048D86C97,-0.45235565,0.9139175,-0.73294955,0.24317047,0.32202607,-0.074953265,0.91189307
25.09832075000304,1758062481.4696677,45BA687E-A905-D36F-8907-955048D86C97,-0.45229343,0.9139606,-0.7329091,0.24311255,0.32224768,-0.0747716,0.91184515
25.131648000002315,1758062481.502995,45BA687E-A905-D36F-8907-955048D86C97,-0.4522317,0.9140029,-0.7328686,0.2430557,0.32246503,-0.07459338,0.91179806
25.17237233333435,1758062481.5437193,45BA687E-A905-D36F-8907-955048D86C97,-0.45220572,0.91392374,-0.73268974,0.24245448,0.32264194,-0.074215226,0.9119263
25.201524125004653,1758062481.572871,45BA687E-A905-D36F-8907-955048D86C97,-0.45217925,0.913845,-0.7325118,0.24185742,0.32281747,-0.07383972,0.9120532
25.232431833333976,1758062481.6037788,45BA687E-A905-D36F-8907-955048D86C97,-0.4521532,0.9137676,-0.73233515,0.24126498,0.32299137,-0.07346717,0.9121787
25.268008916667895,1758062481.639356,45BA687E-A905-D36F-8907-955048D86C97,-0.45212758,0.91369027,-0.73216116,0.24067724,0.3231637,-0.07309763,0.9123026
25.29797091666842,1758062481.669318,45BA687E-A905-D36F-8907-955048D86C97,-0.4521019,0.91361445,-0.7319875,0.24009478,0.32333434,-0.072731435,0.91242486
25.34691891667171,1758062481.7182658,45BA687E-A905-D36F-8907-955048D86C97,-0.45207796,0.9135393,-0.7318178,0.2395176,0.32350317,-0.0723686,0.91254556
25.37443437500042,1758062481.7457814,45BA687E-A905-D36F-8907-955048D86C97,-0.4520508,0.913465,-0.7316458,0.23894627,0.32367012,-0.07200948,0.91266453
25.41283616666624,1758062481.784183,45BA687E-A905-D36F-8907-955048D86C97,-0.45202646,0.91339165,-0.7314785,0.2383807,0.32383516,-0.071654014,0.91278183
25.431386791671684,1758062481.8027337,45BA687E-A905-D36F-8907-955048D86C97,-0.45200056,0.9133194,-0.7313112,0.23782147,0.32399818,-0.071302585,0.9128974
25.472060000000056,1758062481.843407,45BA687E-A905-D36F-8907-955048D86C97,-0.45197564,0.91324806,-0.73114634,0.23726846,0.32415926,-0.07095508,0.9130112
25.498220666668203,1758062481.8695676,45BA687E-A905-D36F-8907-955048D86C97,-0.45195088,0.9131779,-0.73098356,0.23672213,0.3243181,-0.070611835,0.9131232
25.53282766666962,1758062481.9041746,45BA687E-A905-D36F-8907-955048D86C97,-0.45192665,0.9131086,-0.73082316,0.23618239,0.3244749,-0.070272736,0.9132334
25.571406583338103,1758062481.9427536,45BA687E-A905-D36F-8907-955048D86C97,-0.45187685,0.9130475,-0.73078907,0.23589732,0.3247305,-0.070314474,0.913213
25.597517833339225,1758062481.9688647,45BA687E-A905-D36F-8907-955048D86C97,-0.45182824,0.91298765,-0.7307559,0.23561789,0.32498083,-0.07035536,0.9131929
25.631623500004935,1758062482.0029705,45BA687E-A905-D36F-8907-955048D86C97,-0.4517818,0.9129289,-0.7307254,0.23534389,0.3252263,-0.070395455,0.91317314
25.66513025000313,1758062482.036477,45BA687E-A905-D36F-8907-955048D86C97,-0.4517332,0.91287136,-0.7306912,0.23507544,0.32546678,-0.07043472,0.9131536
25.69786708333413,1758062482.069214,45BA687E-A905-D36F-8907-955048D86C97,-0.45168784,0.91281503,-0.7306606,0.23481223,0.32570243,-0.07047322,0.91313434
25.732370666672068,1758062482.1037176,45BA687E-A905-D36F-8907-955048D86C97,-0.4516442,0.9127599,-0.73063165,0.23455432,0.3259332,-0.0705109,0.9131154
25.771940916667518,1758062482.143288,45BA687E-A905-D36F-8907-955048D86C97,-0.45159972,0.91270614,-0.7306009,0.23430157,0.32615942,-0.07054786,0.91309667
25.798465375002706,1758062482.1698124,45BA687E-A905-D36F-8907-955048D86C97,-0.4515568,0.91265345,-0.7305713,0.23405394,0.3263809,-0.070584014,0.9130782
25.844842458333005,1758062482.2161894,45BA687E-A905-D36F-8907-955048D86C97,-0.4515133,0.91260165,-0.7305403,0.23381127,0.3265979,-0.07061945,0.91306
25.866397000005236,1758062482.2377439,45BA687E-A905-D36F-8907-955048D86C97,-0.45147273,0.9125517,-0.73051006,0.23357357,0.32681042,-0.07065414,0.9130421
25.910970541670395,1758062482.2823174,45BA687E-A905-D36F-8907-955048D86C97,-0.4514318,0.91250193,-0.7304822,0.23334073,0.32701868,-0.07068814,0.9130245
25.933114625004237,1758062482.3044615,45BA687E-A905-D36F-8907-955048D86C97,-0.45139253,0.9124538,-0.730454,0.23311256,0.32722256,-0.07072142,0.9130072
25.978324791671184,1758062482.3496718,45BA687E-A905-D36F-8907-955048D86C97,-0.4513548,0.91240674,-0.73042536,0.23288912,0.32742217,-0.070754014,0.9129901
25.997750666669162,1758062482.3690977,45BA687E-A905-D36F-8907-955048D86C97,-0.4513163,0.91235983,-0.7303995,0.23267019,0.32761765,-0.07078593,0.91297334
26.03258316667052,1758062482.4039302,45BA687E-A905-D36F-8907-955048D86C97,-0.45127866,0.91231436,-0.73037374,0.23245585,0.3278091,-0.07081717,0.9129568
26.06500083333958,1758062482.4363477,45BA687E-A905-D36F-8907-955048D86C97,-0.4512418,0.9122698,-0.7303485,0.23224585,0.32799658,-0.07084777,0.9129405
26.09779983333283,1758062482.4691467,45BA687E-A905-D36F-8907-955048D86C97,-0.45120567,0.9122262,-0.7303238,0.23204024,0.3281801,-0.07087772,0.91292447
26.132559125006082,1758062482.503906,45BA687E-A905-D36F-8907-955048D86C97,-0.4511703,0.91218346,-0.7302996,0.23183882,0.3283598,-0.07090706,0.9129088
26.164478541671997,1758062482.5358255,45BA687E-A905-D36F-8907-955048D86C97,-0.45113564,0.9121417,-0.7302759,0.23164162,0.32853577,-0.070935756,0.9128933
26.203112125003827,1758062482.574459,45BA687E-A905-D36F-8907-955048D86C97,-0.4511017,0.9121008,-0.73025274,0.23144846,0.32870802,-0.070963874,0.9128781
26.231091375004326,1758062482.6024382,45BA687E-A905-D36F-8907-955048D86C97,-0.45106843,0.91206074,-0.73023003,0.23125932,0.3288767,-0.0709914,0.91286314
26.265145708333876,1758062482.6364927,45BA687E-A905-D36F-8907-955048D86C97,-0.45161167,0.9120535,-0.73063064,0.23107415,0.32904184,-0.07101833,0.9128484
26.304867416671186,1758062482.6762145,45BA687E-A905-D36F-8907-955048D86C97,-0.45154756,0.9119969,-0.7305862,0.23089279,0.3292035,-0.07104472,0.912834
26.345979041667306,1758062482.717326,45BA687E-A905-D36F-8907-955048D86C97,-0.4514681,0.9119412,-0.73053086,0.23071523,0.32936165,-0.07107052,0.9128198
26.36508012500417,1758062482.736427,45BA687E-A905-D36F-8907-955048D86C97,-0.4513917,0.9118881,-0.73047847,0.23054133,0.32951665,-0.071095794,0.91280586
26.41129708333756,1758062482.782644,45BA687E-A905-D36F-8907-955048D86C97,-0.4513182,0.91183895,-0.7304274,0.23037113,0.32966825,-0.071120545,0.91279215
26.437331000000995,1758062482.808678,45BA687E-A905-D36F-8907-955048D86C97,-0.45102927,0.91181815,-0.7301014,0.23020437,0.32981676,-0.07114476,0.9127787
26.479185666670674,1758062482.8505325,45BA687E-A905-D36F-8907-955048D86C97,-0.45096502,0.9117863,-0.7300445,0.2300412,0.32996207,-0.071168475,0.9127654
26.50300104166672,1758062482.874348,45BA687E-A905-D36F-8907-955048D86C97,-0.45045906,0.91182816,-0.7294044,0.22988138,0.3301044,-0.071191676,0.9127524
26.53173762500228,1758062482.9030845,45BA687E-A905-D36F-8907-955048D86C97,-0.45009214,0.91185486,-0.7289389,0.2297249,0.3302437,-0.07121441,0.91273963
26.565018125002098,1758062482.9363651,45BA687E-A905-D36F-8907-955048D86C97,-0.45012143,0.91181266,-0.72899944,0.22957167,0.33038008,-0.07123665,0.9127271
26.598271625000052,1758062482.9696186,45BA687E-A905-D36F-8907-955048D86C97,-0.44969448,0.91186106,-0.7284398,0.22942163,0.33051363,-0.07125844,0.91271484
26.63230670833582,1758062483.0036538,45BA687E-A905-D36F-8907-955048D86C97,-0.44983196,0.9117998,-0.7286441,0.22927475,0.33064437,-0.07127977,0.91270274
26.66531620833848,1758062483.036663,45BA687E-A905-D36F-8907-955048D86C97,-0.45001125,0.9117291,-0.72890675,0.22913092,0.33077234,-0.071300626,0.9126908
26.707873375002237,1758062483.0792203,45BA687E-A905-D36F-8907-955048D86C97,-0.45015216,0.9116657,-0.7291188,0.22899011,0.3308976,-0.07132106,0.91267914
26.732054375002917,1758062483.1034014,45BA687E-A905-D36F-8907-955048D86C97,-0.4501234,0.91163814,-0.72909707,0.22885218,0.33102027,-0.071341045,0.9126677
26.765133625005546,1758062483.1364806,45BA687E-A905-D36F-8907-955048D86C97,-0.45019957,0.9115883,-0.729221,0.22871721,0.33114034,-0.07136063,0.9126565
26.797216208338796,1758062483.1685631,45BA687E-A905-D36F-8907-955048D86C97,-0.4501628,0.91156363,-0.7291879,0.22858498,0.3312579,-0.07137981,0.91264546
26.854652500005614,1758062483.2259994,45BA687E-A905-D36F-8907-955048D86C97,-0.4500772,0.9115501,-0.72908366,0.2284555,0.33137298,-0.07139857,0.9126346
26.86547487500502,1758062483.236822,45BA687E-A905-D36F-8907-955048D86C97,-0.45067734,0.9113827,-0.72993135,0.22832872,0.33148572,-0.07141697,0.91262394
26.92077708333818,1758062483.292124,45BA687E-A905-D36F-8907-955048D86C97,-0.45072535,0.91134,-0.73001295,0.22820453,0.33159608,-0.07143496,0.9126135
26.932285583337944,1758062483.3036325,45BA687E-A905-D36F-8907-955048D86C97,-0.450711,0.9113123,-0.73000824,0.22808298,0.3317041,-0.07145257,0.9126032
26.978939750006248,1758062483.3502867,45BA687E-A905-D36F-8907-955048D86C97,-0.45069078,0.91128695,-0.7299953,0.22796388,0.3318099,-0.07146983,0.9125931
26.997741250001127,1758062483.3690882,45BA687E-A905-D36F-8907-955048D86C97,-0.4506712,0.9112622,-0.7299826,0.22784731,0.3319134,-0.071486704,0.9125833
27.03226229167194,1758062483.4036093,45BA687E-A905-D36F-8907-955048D86C97,-0.45064935,0.9112383,-0.7299686,0.2277331,0.3320149,-0.071503244,0.9125736
27.076865375005582,1758062483.4482124,45BA687E-A905-D36F-8907-955048D86C97,-0.45062837,0.9112151,-0.72995394,0.22762129,0.33211422,-0.07151943,0.91256404
27.10068520833738,1758062483.472032,45BA687E-A905-D36F-8907-955048D86C97,-0.45060953,0.91119194,-0.72994167,0.22751175,0.33221146,-0.07153528,0.91255474
27.13065337500302,1758062483.5020003,45BA687E-A905-D36F-8907-955048D86C97,-0.45059073,0.91116935,-0.729929,0.22740446,0.33230668,-0.0715508,0.91254556
