t_mono,t_wall,x,y,z,qx,qy,qz,qw
0.25779416666668453,1763422014.687587,-0.00070313946,1.2304069,0.010093226,-0.0057924194,-0.012120266,0.002010948,0.99990773
0.2811514166666882,1763422014.7109444,-0.00075650215,1.2304742,0.010664996,-0.005088439,-0.012133355,0.0024979364,0.9999103
0.3081919583333388,1763422014.737985,-0.00085209147,1.2305567,0.011322505,-0.004355605,-0.0120541705,0.0028150764,0.9999139
0.3252398750000225,1763422014.7550328,-0.00093112723,1.2306008,0.011727284,-0.0039192103,-0.011955695,0.0029451298,0.9999165
0.3441149583333356,1763422014.773908,-0.0010253191,1.2306743,0.012148023,-0.0033443286,-0.0117991455,0.00318122,0.9999197
0.36143179166668915,1763422014.7912247,-0.0011059642,1.230768,0.012497183,-0.0027395992,-0.011618275,0.0035907961,0.9999222
0.38436658333333185,1763422014.8141594,-0.0012025568,1.2309054,0.0129175205,-0.0020844992,-0.011378529,0.0043304586,0.9999237
0.4017205416666627,1763422014.8315134,-0.0012814403,1.2309982,0.013210315,-0.0017793529,-0.011208356,0.0046702484,0.99992466
0.418990208333355,1763422014.848783,-0.0013659,1.2310846,0.0134771615,-0.0016166324,-0.011068469,0.0047668573,0.99992603
0.43625270833334184,1763422014.8660455,-0.0014457107,1.2311823,0.013718858,-0.001455859,-0.010909606,0.004880881,0.9999275
0.4535134583333331,1763422014.8833063,-0.0015217662,1.231281,0.013939068,-0.0012768793,-0.01069002,0.005093924,0.999929
0.4707699166666828,1763422014.9005628,-0.0015935302,1.2313578,0.014141142,-0.0011360572,-0.0103456825,0.005406776,0.99993116
0.4880367083333397,1763422014.9178295,-0.0016576052,1.2313938,0.014335055,-0.0011271148,-0.009931781,0.005707884,0.9999337
0.5053112916666862,1763422014.9351041,-0.0017070605,1.231376,0.014524042,-0.0012456822,-0.009522375,0.0058739884,0.9999366
0.5226020833333394,1763422014.952395,-0.0017373397,1.2313058,0.014710478,-0.0014859923,-0.009096704,0.0060067805,0.99993944
0.5399020000000121,1763422014.9696949,-0.0017492175,1.2312157,0.014891975,-0.0017641758,-0.008646604,0.00611805,0.9999423
0.5572175833333404,1763422014.9870105,-0.0017448664,1.2311301,0.0150687285,-0.0019921283,-0.00821527,0.0061007896,0.9999456
0.5773820000000001,1763422015.007175,-0.0017120242,1.231043,0.015269298,-0.0021821174,-0.007828432,0.0059134047,0.99994946
0.5948774166666624,1763422015.0246704,-0.0016566946,1.230979,0.0154443,-0.0023056949,-0.0076156473,0.005758787,0.9999517
0.612286250000011,1763422015.0420792,-0.0015801787,1.230931,0.015619431,-0.0023618087,-0.007477807,0.0056805112,0.9999531
0.6295869166666819,1763422015.0593798,-0.0014933017,1.2308923,0.015797982,-0.002371227,-0.0074051586,0.005561641,0.9999543
0.6498774166666692,1763422015.0796702,-0.0013842417,1.2308465,0.016018754,-0.0023859711,-0.0073989946,0.005338195,0.9999555
0.6671452500000044,1763422015.0969381,-0.0012906028,1.2308108,0.016216071,-0.0024416067,-0.0074690585,0.005138434,0.9999559
0.6850698750000106,1763422015.1148627,-0.0011980534,1.2307886,0.016418528,-0.0024586453,-0.007571083,0.004975779,0.9999559
0.7026832916666876,1763422015.132476,-0.0011205077,1.230799,0.016603146,-0.0023415913,-0.007689452,0.0048735733,0.9999558
0.7199591250000026,1763422015.149752,-0.0010620356,1.230835,0.016769327,-0.002113455,-0.007839576,0.0047400864,0.9999557
0.7372937500000205,1763422015.1670866,-0.0010135605,1.2308644,0.016939411,-0.0018896023,-0.00803313,0.0046148845,0.99995524
0.7550539583333489,1763422015.1848469,-0.0009714365,1.2308733,0.017120264,-0.0017557321,-0.008283716,0.004527108,0.99995387
0.7723352499999976,1763422015.2021282,-0.0009347631,1.2308702,0.017292658,-0.0016406729,-0.008552514,0.0045062364,0.9999519
0.7903575833333321,1763422015.2201505,-0.00090384483,1.2308704,0.017460696,-0.0015180068,-0.008876171,0.004472786,0.99994946
0.8076442916666622,1763422015.2374372,-0.0008852217,1.2308747,0.017607963,-0.0013849842,-0.009226658,0.0043854606,0.99994683
0.8249256250000201,1763422015.2547185,-0.00088506937,1.230889,0.017740648,-0.0012298528,-0.009579259,0.0042539253,0.99994427
0.8422874166666645,1763422015.2720802,-0.0009035468,1.2309172,0.017858472,-0.0010085482,-0.00990451,0.00416703,0.9999417
0.859676416666673,1763422015.2894692,-0.00093978643,1.2309628,0.01796094,-0.0007741162,-0.010142337,0.004220267,0.9999393
0.8855107916666896,1763422015.3153036,-0.0010344221,1.2310357,0.018098434,-0.000548648,-0.010319354,0.004431615,0.99993676
0.9027995000000146,1763422015.3325925,-0.0011114478,1.2310619,0.018196769,-0.00051720644,-0.010315618,0.004554988,0.9999363
0.9214620833333527,1763422015.351255,-0.0011880232,1.2310675,0.018312013,-0.0005593957,-0.010195878,0.004675172,0.99993694
0.9387352083333553,1763422015.3685281,-0.001274493,1.2310805,0.018415151,-0.0005322871,-0.009973948,0.0047548525,0.9999388
0.9559992083333384,1763422015.385792,-0.0013683769,1.2311125,0.01851225,-0.00036447114,-0.009669611,0.0048486725,0.9999414
0.9733780833333299,1763422015.403171,-0.0014639497,1.2311554,0.018607609,-0.000100333586,-0.009333303,0.004968979,0.9999441
0.9911222916666702,1763422015.4209151,-0.0015640589,1.2311949,0.018702166,0.00016086442,-0.008988858,0.0050064004,0.9999471
1.008790166666671,1763422015.4385831,-0.001665473,1.2312353,0.01879248,0.00041316528,-0.008682624,0.004953554,0.99994993
1.033238416666677,1763422015.4630313,-0.0017911626,1.2312888,0.01890822,0.0007853626,-0.008358245,0.0048870263,0.9999528
1.0543598333333364,1763422015.4841528,-0.0018866062,1.2313173,0.01900287,0.0010374449,-0.008150569,0.0049953707,0.99995375
1.0716424166666627,1763422015.5014353,-0.0019551516,1.2313262,0.01907967,0.0011633002,-0.008034204,0.005109237,0.999954
1.088536375000018,1763422015.5183291,-0.0020070076,1.2313151,0.01915539,0.0012203433,-0.007947987,0.005299096,0.99995357
1.106118500000008,1763422015.5359113,-0.0020549032,1.2313048,0.019229764,0.0012577533,-0.007880301,0.0055968,0.9999525
1.1235729166666886,1763422015.5533657,-0.0021090508,1.2313204,0.019288614,0.0013715416,-0.007796232,0.0056667007,0.99995255
1.1454699583333365,1763422015.5752628,-0.0021789505,1.2313735,0.019347908,0.0015612735,-0.007709796,0.0053976076,0.99995446
1.1628324166666744,1763422015.5926254,-0.0022291376,1.231405,0.019399436,0.001588459,-0.00768069,0.0051084626,0.9999562
1.1853500833333328,1763422015.615143,-0.0022873282,1.231405,0.01947596,0.001456359,-0.007659061,0.0048814137,0.9999576
1.2028127916666733,1763422015.6326058,-0.0023207664,1.2313883,0.01952637,0.0013085792,-0.007642889,0.0048606195,0.9999581
1.220165333333341,1763422015.6499581,-0.0023502707,1.2313656,0.019569084,0.0012049662,-0.0076609086,0.004871665,0.99995804
1.237499000000014,1763422015.6672919,-0.0023750663,1.2313285,0.019605972,0.0010655299,-0.0076853195,0.0049138577,0.9999578
1.2548598750000224,1763422015.6846528,-0.002396047,1.2312596,0.019648582,0.0008346921,-0.0076601095,0.004986472,0.99995786
1.272345416666667,1763422015.7021382,-0.0024151206,1.2311617,0.019698031,0.00044457952,-0.0075525586,0.005057024,0.9999586
1.289522791666684,1763422015.7193158,-0.002432406,1.2310634,0.019748129,3.279845e-05,-0.0073828534,0.0050559132,0.99995995
1.3073091666666699,1763422015.737102,-0.0024453998,1.2309592,0.019798324,-0.00039599798,-0.0071665444,0.0049305228,0.99996203
1.3250607500000058,1763422015.7548537,-0.0024534464,1.2308557,0.019842535,-0.00083121745,-0.00689881,0.004815031,0.99996424
1.342427750000013,1763422015.7722206,-0.002452612,1.2307742,0.019882105,-0.001203444,-0.006599323,0.004742956,0.9999662
1.359626750000018,1763422015.7894197,-0.002442658,1.2307186,0.019923113,-0.0014637349,-0.006326934,0.0046119695,0.99996823
1.3874437083333362,1763422015.8172367,-0.0023972392,1.2306526,0.019991249,-0.0017929173,-0.0060365447,0.0042675515,0.99997103
1.4042304166666781,1763422015.8340232,-0.0023431778,1.2306174,0.020033352,-0.001970263,-0.00606205,0.0040586907,0.99997145
1.4219465000000184,1763422015.8517394,-0.0022704005,1.2305857,0.020075873,-0.0021203917,-0.0062046456,0.0038053019,0.9999712
1.439290916666664,1763422015.869084,-0.0021917224,1.2305648,0.020112,-0.0022134804,-0.0063741645,0.0036367397,0.99997056
1.458752000000004,1763422015.8885448,-0.0020990372,1.2305511,0.0201495,-0.0022612268,-0.0066205524,0.0035421406,0.99996924
1.4763164999999958,1763422015.9061093,-0.002016945,1.230529,0.020191567,-0.0024100065,-0.006858112,0.0034702017,0.9999675
1.4938430833333314,1763422015.923636,-0.0019464493,1.230484,0.020248264,-0.0027214345,-0.0070755854,0.0033343788,0.99996567
1.51131645833334,1763422015.9411094,-0.0018923283,1.2304302,0.020294875,-0.0030802116,-0.0072677266,0.0031452025,0.9999639
1.529303916666663,1763422015.959097,-0.0018465519,1.2304101,0.020315334,-0.0032366128,-0.0074802847,0.0029388657,0.99996245
1.5559473750000166,1763422015.9857402,-0.0017845631,1.2304469,0.020322695,-0.0031867602,-0.007749736,0.0025919003,0.9999615
1.5733418750000112,1763422016.0031347,-0.0017451479,1.2304746,0.020332756,-0.0031497364,-0.007961009,0.0024091455,0.9999604
1.5908648750000225,1763422016.0206578,-0.0017085075,1.2304833,0.020353511,-0.003146738,-0.008199266,0.0023082194,0.99995875
1.6084159166666723,1763422016.0382087,-0.0016774535,1.2304683,0.02038347,-0.0032027655,-0.00844714,0.0022372485,0.99995667
1.625839416666679,1763422016.0556324,-0.0016519262,1.2304401,0.020419346,-0.0032600835,-0.008666508,0.0022073362,0.99995464
1.6525022083333454,1763422016.0822952,-0.0016239551,1.2303927,0.020473761,-0.0033662934,-0.008924844,0.0021530478,0.99995214
1.6698145833333342,1763422016.0996075,-0.0016204119,1.2303817,0.020508997,-0.0033438068,-0.00903929,0.0020178698,0.9999515
1.6871382916666846,1763422016.1169312,-0.0016260743,1.2303975,0.020545088,-0.0032247917,-0.009080412,0.0018282515,0.99995184
1.7048774583333284,1763422016.1346703,-0.0016354322,1.2304068,0.020586133,-0.0031658164,-0.009104495,0.0016924312,0.9999521
1.7223524166666664,1763422016.1521454,-0.0016474128,1.2304044,0.020628996,-0.0031177534,-0.009143321,0.0016327333,0.99995196
1.739795375,1763422016.1695883,-0.001657784,1.2304032,0.020673268,-0.0030467715,-0.009188587,0.0015870925,0.99995184
1.7572880416666692,1763422016.1870809,-0.0016667678,1.2303967,0.02072362,-0.0029952726,-0.00929294,0.0015308807,0.9999511
1.7753765416666738,1763422016.2051694,-0.0016731455,1.2303706,0.020783061,-0.003001386,-0.0094561735,0.0013954658,0.99994975
1.7929130833333318,1763422016.222706,-0.0016798642,1.2303303,0.02084758,-0.003029147,-0.009659758,0.0013090766,0.99994785
1.8102061250000077,1763422016.239999,-0.001680884,1.230292,0.020910406,-0.0030541222,-0.009828538,0.0013589269,0.99994606
1.8276177916666825,1763422016.2574108,-0.0016800165,1.2302635,0.020979501,-0.0030911653,-0.009953152,0.0015029865,0.99994457
1.850540041666676,1763422016.2803328,-0.001691997,1.2302387,0.021074742,-0.0031463741,-0.010105843,0.0013738801,0.999943
1.8678613750000181,1763422016.2976542,-0.0017065406,1.2302331,0.021148793,-0.0031811954,-0.010265994,0.0010914083,0.99994165
1.8859720416666619,1763422016.315765,-0.0017212629,1.2302508,0.021226183,-0.0031635286,-0.010468012,0.00085357163,0.9999398
1.9033083749999946,1763422016.3331013,-0.0017349455,1.2302855,0.021301175,-0.003086361,-0.010650149,0.00078275095,0.9999382
1.920762833333356,1763422016.3505557,-0.001750052,1.230318,0.02138289,-0.0030438246,-0.010845805,0.00084890035,0.9999361
1.9380757083333435,1763422016.3678687,-0.0017649862,1.2303385,0.021469736,-0.0030334883,-0.011067085,0.0009184448,0.9999337
1.9553717500000118,1763422016.3851647,-0.0017791225,1.2303445,0.021561088,-0.0029923406,-0.011270024,0.0009279642,0.9999316
1.972696291666665,1763422016.4024892,-0.0017917156,1.2303411,0.0216657,-0.0029534106,-0.011440493,0.00096248946,0.99992967
1.9901581666666743,1763422016.419951,-0.0018057227,1.2303319,0.021778867,-0.0028495188,-0.01154322,0.0009573202,0.99992883
2.00747770833334,1763422016.4372706,-0.0018288328,1.2303132,0.021890583,-0.0027077796,-0.011524515,0.00088495045,0.9999295
2.0349450000000218,1763422016.464738,-0.0018515587,1.2302481,0.022068188,-0.0026738474,-0.011410593,0.00082071644,0.9999309
2.0524075000000153,1763422016.4822004,-0.001844883,1.2302313,0.022170797,-0.0026445086,-0.011401727,0.0007089039,0.9999312
2.069806249999999,1763422016.4995992,-0.0018323495,1.2302445,0.022260511,-0.0024656279,-0.011416786,0.00042716728,0.99993163
2.087117541666686,1763422016.5169103,-0.001811862,1.2302661,0.022346303,-0.0023248557,-0.011478563,0.00012442085,0.99993134
2.1044754166666735,1763422016.5342684,-0.0017745495,1.2302834,0.022427604,-0.002274316,-0.011632798,-0.00014470814,0.9999297
2.121904291666681,1763422016.5516973,-0.0017220378,1.2303127,0.022493258,-0.0022093763,-0.011850129,-0.0003555927,0.9999272
2.1383507916666815,1763422016.5681436,-0.0016666055,1.2303385,0.02255223,-0.0021329557,-0.012088022,-0.00050434464,0.9999245
2.1557267500000137,1763422016.5855196,-0.001607981,1.2303584,0.022614365,-0.0020653936,-0.012334471,-0.00058542297,0.99992156
2.173070166666662,1763422016.602863,-0.0015572144,1.2303804,0.022669489,-0.0019819068,-0.012564185,-0.00062906,0.9999189
2.190447750000004,1763422016.6202407,-0.0015169648,1.2304083,0.022718048,-0.0018319549,-0.012767509,-0.0007329165,0.9999165
2.21043529166667,1763422016.6402283,-0.001482947,1.2304465,0.022765735,-0.0016668357,-0.012981533,-0.0009251626,0.9999139
2.2278192083333295,1763422016.657612,-0.0014559627,1.2304808,0.022800252,-0.0015234584,-0.013114457,-0.0010562306,0.99991226
2.2531519583333477,1763422016.6829448,-0.0014249682,1.2305291,0.022843778,-0.0013410802,-0.013269371,-0.0011795522,0.99991035
2.2705243333333556,1763422016.7003171,-0.0014144017,1.2305605,0.022870684,-0.0012259651,-0.013362189,-0.0013050467,0.9999091
2.2953843333333452,1763422016.7251773,-0.0014092326,1.230578,0.022911832,-0.0011964007,-0.013518372,-0.0015045974,0.9999067
2.3190999583333394,1763422016.7488928,-0.00139153,1.2305396,0.02296786,-0.0013442985,-0.013591075,-0.0015199339,0.9999055
2.336033708333332,1763422016.7658267,-0.0013730957,1.2305076,0.023009071,-0.001470055,-0.013557662,-0.0014895335,0.9999059
2.352780166666662,1763422016.782573,-0.0013660789,1.2305044,0.023041263,-0.0014778343,-0.013471606,-0.0015027395,0.999907
2.370069916666665,1763422016.7998629,-0.0013713837,1.2305337,0.02306337,-0.0013446173,-0.013356757,-0.0015759931,0.9999086
2.387500583333349,1763422016.8172934,-0.001382649,1.230583,0.023072511,-0.0011356982,-0.013220235,-0.0016577129,0.99991053
2.4047762916666784,1763422016.8345692,-0.0013959408,1.2306416,0.0230771,-0.0009238717,-0.013096194,-0.0016863683,0.9999124
2.434720249999998,1763422016.8645132,-0.0014275147,1.2307233,0.023096645,-0.00066364405,-0.012987929,-0.0016595061,0.99991405
2.461181416666676,1763422016.8909743,-0.0014709665,1.2307478,0.023128191,-0.00059142,-0.013045413,-0.0016902061,0.9999133
2.490630875000022,1763422016.9204237,-0.0015503168,1.2307842,0.023155786,-0.00057768385,-0.013199926,-0.0016213242,0.99991137
2.5079684583333517,1763422016.9377613,-0.0016037226,1.2308147,0.02314838,-0.00048902055,-0.013274861,-0.0014713898,0.99991065
2.525366333333352,1763422016.9551592,-0.0016530752,1.2308401,0.023114868,-0.00039624894,-0.01328674,-0.0011054538,0.999911
2.552808291666679,1763422016.9826012,-0.0017715362,1.2308776,0.023047132,-0.00022110554,-0.0130427135,-0.00067045965,0.99991465
2.5701212499999997,1763422016.9999142,-0.0018703772,1.2308992,0.022997418,-0.00012165422,-0.012789646,-0.00059040496,0.999918
2.5887790833333497,1763422017.0185719,-0.0019782186,1.2309246,0.022945382,-9.312668e-05,-0.012511437,-0.00054399075,0.9999215
2.6061306666666724,1763422017.0359235,-0.0020717813,1.2309449,0.022901835,-0.0001361527,-0.012268161,-0.00041623422,0.9999246
2.6283415000000048,1763422017.0581343,-0.002168758,1.2309536,0.022855954,-0.00030152735,-0.012031581,-0.0001382488,0.9999275
2.645662750000014,1763422017.0754557,-0.0022310019,1.2309427,0.022827707,-0.0005067439,-0.0119183855,3.988923e-05,0.99992883
2.6629588750000153,1763422017.0927517,-0.0022802188,1.2309288,0.022812443,-0.00069821096,-0.011828927,0.00024378079,0.9999297
2.681165375000006,1763422017.1109583,-0.0023146537,1.230915,0.022795899,-0.00076482934,-0.011770139,0.00044295224,0.9999303
2.6985492083333327,1763422017.1283422,-0.002341552,1.2308834,0.022782633,-0.00082909025,-0.011654297,0.0005625403,0.9999315
2.717670791666677,1763422017.1474636,-0.0023548603,1.230809,0.022771649,-0.0009201168,-0.011466105,0.0007045454,0.99993354
2.734975666666685,1763422017.1647685,-0.0023477077,1.2307373,0.022759713,-0.00102212,-0.011337553,0.0008526608,0.9999348
2.7522898750000024,1763422017.1820827,-0.002328727,1.230669,0.022750871,-0.0011955971,-0.011228772,0.0009118765,0.9999358
2.7696405833333415,1763422017.1994336,-0.0023032427,1.2305983,0.022747166,-0.0014396153,-0.011127128,0.0008889903,0.99993664
2.7868969166666773,1763422017.2166898,-0.002265811,1.2305455,0.022741511,-0.0016740569,-0.011128507,0.00081696536,0.99993634
2.804265500000014,1763422017.2340584,-0.0022115442,1.2305174,0.02273036,-0.0018153734,-0.011215436,0.00069427263,0.9999352
2.8215526250000096,1763422017.2513454,-0.002146211,1.2305174,0.022710403,-0.0018820151,-0.011374756,0.0006543416,0.99993324
2.839171250000021,1763422017.268964,-0.0020689368,1.2305481,0.022678025,-0.0017918375,-0.011554405,0.0007134656,0.9999314
2.856510333333347,1763422017.2863033,-0.0019945502,1.2305828,0.02264665,-0.0017126317,-0.011741868,0.00071178353,0.9999293
2.873956541666672,1763422017.3037493,-0.0019267632,1.2305895,0.022621179,-0.0017124899,-0.011899111,0.00067497615,0.99992746
2.891630875000004,1763422017.3214238,-0.001862824,1.2305908,0.022596158,-0.0016907252,-0.01200953,0.0006750836,0.9999262
2.9107262916666627,1763422017.3405192,-0.001802726,1.2306055,0.02257982,-0.0016253961,-0.012075609,0.0007229084,0.99992543
2.9280830416666674,1763422017.3578758,-0.0017601682,1.2306142,0.02257877,-0.0016057802,-0.012090622,0.0006728104,0.9999254
2.945503208333349,1763422017.375296,-0.0017208888,1.230609,0.022575984,-0.0016005894,-0.012076158,0.0006176641,0.99992555
2.9628632083333457,1763422017.392656,-0.0016790363,1.2306054,0.022569174,-0.0016112529,-0.012043423,0.00058448105,0.999926
2.9791509583333493,1763422017.408944,-0.0016387701,1.2306151,0.022566788,-0.001574495,-0.012012721,0.0005536289,0.99992645
2.9965204166666695,1763422017.4263134,-0.0015887453,1.2306246,0.022563921,-0.0015845748,-0.011968584,0.0005484439,0.9999269
3.0128857500000095,1763422017.4426787,-0.0015306307,1.2306237,0.022561686,-0.0016761743,-0.011983442,0.0005667693,0.9999266
3.030391958333354,1763422017.4601848,-0.0014615655,1.2306252,0.02255755,-0.0017475743,-0.012043577,0.00054202275,0.9999258
3.0526915416666895,1763422017.4824843,-0.0013658835,1.2306508,0.022538835,-0.0017209331,-0.012126212,0.00055716035,0.9999248
3.07029162500001,1763422017.5000844,-0.001285,1.230665,0.022520797,-0.0016931467,-0.01222444,0.000593903,0.99992365
3.0878203333333545,1763422017.5176132,-0.0011977553,1.2306614,0.02250155,-0.0017361504,-0.01230436,0.0006384928,0.9999226
3.1052655000000016,1763422017.5350585,-0.001125541,1.2306442,0.022481365,-0.0018015291,-0.012389288,0.0006485659,0.9999214
3.122764666666683,1763422017.5525575,-0.001065433,1.2306347,0.022445992,-0.0017972204,-0.012444016,0.0005764284,0.9999208
3.14045950000002,1763422017.5702524,-0.0010047555,1.230633,0.022399373,-0.0017532449,-0.012484248,0.0004999056,0.99992037
3.1587867500000186,1763422017.5885797,-0.00094765425,1.2306257,0.022347286,-0.0017982601,-0.01248794,0.0003684538,0.9999203
3.186624375000008,1763422017.6164172,-0.00086740986,1.2305859,0.022259163,-0.0020257425,-0.012501611,0.00021107262,0.9999197
3.204336541666663,1763422017.6341295,-0.00081568956,1.2305713,0.022191666,-0.002172118,-0.012524348,0.00025395947,0.9999191
3.2218618333333495,1763422017.6516547,-0.0007752776,1.2305932,0.022108585,-0.002227029,-0.012493693,0.00020378127,0.9999194
3.2392915833333404,1763422017.6690845,-0.0007438395,1.2306617,0.022018561,-0.0021015583,-0.012453873,2.8429658e-05,0.99992025
3.257375708333342,1763422017.6871686,-0.00070917606,1.2307636,0.021933943,-0.0018413614,-0.012517339,-0.00019165745,0.9999199
3.2749663750000195,1763422017.7047594,-0.0006674528,1.2308593,0.02186843,-0.0016401459,-0.012675117,-0.000395882,0.9999182
3.2926076250000165,1763422017.7224004,-0.000624001,1.230937,0.02181968,-0.0015091554,-0.012919169,-0.00041406858,0.99991524
3.311716333333351,1763422017.7415092,-0.00058859587,1.2309948,0.02178853,-0.0013949779,-0.01319854,-0.00017998743,0.9999119
3.328091625000013,1763422017.7578845,-0.00056819455,1.2310113,0.021774458,-0.001374898,-0.013327055,9.688299e-05,0.9999102
3.35225916666667,1763422017.782052,-0.0005568862,1.2309785,0.021776877,-0.0014822354,-0.013311323,0.0005289867,0.9999101
3.369780375000005,1763422017.7995732,-0.00056514476,1.2309444,0.021782758,-0.0015454824,-0.013145428,0.0007001486,0.99991214
3.38730883333335,1763422017.8171017,-0.0005931689,1.2309139,0.021786595,-0.0016296607,-0.012829035,0.00074858934,0.9999161
3.404741583333333,1763422017.8345344,-0.0006232593,1.2308747,0.021793531,-0.0018010312,-0.012453015,0.00077026815,0.99992055
3.42209920833335,1763422017.851892,-0.00063505437,1.2308303,0.021801999,-0.0020527644,-0.012126097,0.0008373961,0.99992394
3.439000875000005,1763422017.8687937,-0.00062662363,1.2308012,0.021811105,-0.0022738765,-0.011903244,0.0008648911,0.99992615
3.461359250000015,1763422017.8911521,-0.0005815029,1.2307894,0.021819964,-0.0024922756,-0.011774515,0.00074661564,0.9999273
3.4878297083333507,1763422017.9176226,-0.00048822165,1.2307882,0.02184362,-0.0026688548,-0.011825076,0.0006513986,0.99992627
3.505298333333343,1763422017.9350913,-0.00041264296,1.230782,0.02186881,-0.0027702944,-0.011905145,0.00055675016,0.9999251
3.5226285833333293,1763422017.9524214,-0.00033313036,1.2307715,0.02189663,-0.002836742,-0.012004422,0.00045090215,0.9999238
3.5400912083333367,1763422017.9698842,-0.00024980307,1.2307677,0.021921553,-0.002837512,-0.012106635,0.0003053231,0.9999226
3.5588442500000212,1763422017.9886372,-0.00016343594,1.2307779,0.021937385,-0.0027695592,-0.012212656,8.78509e-05,0.99992156
3.5895105833333503,1763422018.0193036,-2.1798745e-05,1.2308116,0.021951744,-0.002570956,-0.012512439,-0.00029179765,0.99991834
3.6070182083333293,1763422018.036811,5.8710575e-05,1.2308233,0.021964327,-0.0025392023,-0.012772476,-0.00047833877,0.99991506
3.624429916666685,1763422018.0542228,0.00013291836,1.2308254,0.021979682,-0.0025602153,-0.013048199,-0.0005879771,0.99991137
3.645867124999995,1763422018.07566,0.00021644103,1.230825,0.0219958,-0.0025919925,-0.013339849,-0.0006212496,0.99990743
3.6631057083333474,1763422018.0928986,0.00027263165,1.2308291,0.022003062,-0.002609224,-0.013495364,-0.00060837704,0.9999053
3.6807798333333324,1763422018.1105728,0.00031395422,1.2308248,0.02201561,-0.0026232111,-0.013568388,-0.0005857769,0.9999043
3.698172375000013,1763422018.1279652,0.0003245804,1.2308077,0.022032855,-0.0026348073,-0.013521509,-0.0005393248,0.99990493
3.7183083750000208,1763422018.1481013,0.00030431483,1.2307825,0.022051392,-0.0025943697,-0.013390591,-0.00044468237,0.99990684
3.736457541666681,1763422018.1662505,0.00026869774,1.2307693,0.022071823,-0.002524723,-0.013275514,-0.00042525577,0.99990857
3.756895374999999,1763422018.1866882,0.00020372868,1.2307456,0.022099048,-0.0025063062,-0.013048366,-0.00042878083,0.9999116
3.7742336666666745,1763422018.2040265,0.0001399252,1.2307094,0.02212706,-0.0025066724,-0.01280837,-0.00027667993,0.99991477
3.793537000000015,1763422018.2233298,6.598234e-05,1.2306627,0.022157617,-0.0025404422,-0.012542947,-5.462251e-05,0.99991804
3.8139682500000163,1763422018.243761,-9.596348e-06,1.23061,0.022186376,-0.0025824786,-0.012303801,6.483311e-05,0.99992096
3.8313590000000204,1763422018.2611518,-6.267097e-05,1.230563,0.022211095,-0.0026459428,-0.012129347,0.00023367684,0.9999229
3.853034083333341,1763422018.282827,-0.00011730194,1.230514,0.02223844,-0.0028229395,-0.011903824,0.0005177593,0.999925
3.8706482500000163,1763422018.300441,-0.00015732976,1.2305031,0.022247957,-0.0028557293,-0.011739814,0.00042236882,0.99992687
3.8880486666666627,1763422018.3178415,-0.0001821783,1.2305083,0.022251865,-0.0028355375,-0.011673087,0.00013923523,0.9999278
3.9054545416666713,1763422018.3352475,-0.00018433067,1.2305019,0.022257099,-0.0028885605,-0.011698363,-7.923022e-05,0.99992734
3.922902166666688,1763422018.352695,-0.00017206205,1.2304857,0.022268886,-0.0030349968,-0.01181581,-0.00015893596,0.99992555
3.940409166666683,1763422018.370202,-0.00014394522,1.2304764,0.022287726,-0.003155324,-0.012056541,-0.00015346766,0.9999223
3.957496875000004,1763422018.3872898,-0.00010410282,1.2304748,0.022312725,-0.00321699,-0.012404006,-0.00015713317,0.99991786
3.974892666666676,1763422018.4046855,-6.173386e-05,1.230473,0.022341574,-0.0032397937,-0.012788135,-0.00015099328,0.9999129
3.9923320000000047,1763422018.4221249,-2.5510788e-05,1.230467,0.022371806,-0.0032222904,-0.013107072,-8.034336e-05,0.99990886
4.009801958333355,1763422018.4395947,-1.013279e-06,1.2304621,0.022406824,-0.0031633298,-0.013291068,5.6768906e-05,0.99990666
4.027436333333355,1763422018.4572291,7.748604e-06,1.2304538,0.022449635,-0.0030569758,-0.013321995,0.00019372895,0.99990654
4.056586833333341,1763422018.4863796,-1.8775463e-05,1.230402,0.022532888,-0.0030737112,-0.013038922,0.00029173517,0.9999102
4.074353791666681,1763422018.5041466,-4.897846e-05,1.2303499,0.022586288,-0.003248287,-0.012698855,0.00036272776,0.999914
4.091877333333343,1763422018.52167,-7.331371e-05,1.2303107,0.022631466,-0.003442351,-0.01238943,0.00038164906,0.9999172
4.121274375000013,1763422018.5510674,-8.0645084e-05,1.2303085,0.022680253,-0.0035460251,-0.012059159,0.00037325764,0.9999209
4.138721375000017,1763422018.5685143,-6.431341e-05,1.2303101,0.022704571,-0.003601527,-0.012005413,0.0004178458,0.9999213
4.156061666666687,1763422018.5858545,-3.3676624e-05,1.2303035,0.022728078,-0.0036699495,-0.012036985,0.0005073536,0.99992067
4.173642999999998,1763422018.603436,1.0192394e-05,1.2303004,0.022748396,-0.003722809,-0.012098955,0.000564957,0.9999197
4.190436041666686,1763422018.620229,5.884634e-05,1.2303013,0.022763709,-0.0036885822,-0.012166348,0.00053461356,0.999919
4.207761250000004,1763422018.6375542,0.00011366606,1.2303067,0.02277556,-0.0036212069,-0.012233376,0.0003950278,0.9999185
4.225260041666672,1763422018.655053,0.00017550918,1.2303096,0.022787808,-0.0035427648,-0.01230138,0.00021467078,0.9999179
4.2549024583333335,1763422018.6846952,0.00030411946,1.2303051,0.022810029,-0.0035103306,-0.012524101,-8.284761e-05,0.99991536
4.272332833333337,1763422018.7021258,0.00039291382,1.2302921,0.022824623,-0.0035479788,-0.012757316,-0.0002946781,0.99991226
4.289857000000012,1763422018.7196498,0.00049090385,1.2302758,0.022838667,-0.0036139712,-0.013058172,-0.00042888444,0.9999081
4.318776083333347,1763422018.748569,0.0006405115,1.230238,0.022848092,-0.0037203461,-0.01354263,-0.00042119448,0.99990124
4.336719583333348,1763422018.7665124,0.00071805716,1.2302191,0.022844747,-0.0037485366,-0.013762649,-0.0004480717,0.99989814
4.354438041666668,1763422018.784231,0.00078185066,1.2302115,0.022840993,-0.0037598135,-0.013917848,-0.00055205607,0.9998959
4.371408541666682,1763422018.8012013,0.00083220005,1.2302125,0.022836909,-0.003749668,-0.013986095,-0.0006706265,0.9998949
4.3901147083333285,1763422018.8199077,0.0008739233,1.2302184,0.022826336,-0.0036745518,-0.013975317,-0.0008034487,0.9998952
4.407374916666669,1763422018.8371677,0.00090405013,1.2302345,0.022807436,-0.003539976,-0.013941761,-0.0009613409,0.99989605
4.426368333333329,1763422018.856161,0.00093405443,1.2302799,0.022780254,-0.0032629804,-0.013924723,-0.0011640548,0.99989694
4.45441708333334,1763422018.8842099,0.00096565485,1.230386,0.022743128,-0.0026700974,-0.013865416,-0.0015413266,0.9998991
5.3000457500000095,1763422019.7298386,0.001341939,1.2303164,0.023534253,-0.003283597,-0.013724302,-0.0011182169,0.99989974
5.31900570833335,1763422019.7487986,0.0012532042,1.230252,0.02349143,-0.0034373233,-0.013376763,-0.0009259277,0.99990416
5.336319708333349,1763422019.7661126,0.0011838244,1.2301705,0.02346127,-0.0037359982,-0.013119345,-0.0007619227,0.99990666
5.3536889583333505,1763422019.7834818,0.0011363626,1.2300855,0.023426652,-0.004057183,-0.01296973,-0.0007718876,0.9999073
5.37082379166668,1763422019.8006167,0.0011142492,1.2300081,0.023382291,-0.0043403925,-0.01299518,-0.0008575342,0.9999057
5.387559875000022,1763422019.8173528,0.0011200309,1.2299473,0.02332542,-0.0045667663,-0.013178707,-0.0009133016,0.9999023
5.4050490000000195,1763422019.834842,0.0011456278,1.2299,0.023253152,-0.0047575487,-0.013459444,-0.00095272437,0.9998976
5.422452791666672,1763422019.8522456,0.0011758804,1.2298522,0.023177102,-0.0049770507,-0.01376001,-0.0009752268,0.9998924
5.440059500000018,1763422019.8698523,0.0012027025,1.2297914,0.023103416,-0.0052825315,-0.014037135,-0.0009796313,0.999887
5.457422750000006,1763422019.8872156,0.0012219117,1.2297261,0.023032026,-0.0056555043,-0.014259684,-0.0009800249,0.9998818
5.474603875000014,1763422019.9043968,0.0012266636,1.2296683,0.022958048,-0.006025085,-0.0144127635,-0.0010167144,0.99987745
5.491985875000012,1763422019.9217787,0.0012148023,1.2296264,0.022874847,-0.0062893014,-0.014491464,-0.0010665475,0.9998746
5.508495500000009,1763422019.9382885,0.0011857152,1.2296041,0.022789098,-0.0064482954,-0.014462471,-0.0010680271,0.999874
5.525280583333341,1763422019.9550734,0.0011404487,1.2295839,0.022704167,-0.0065645254,-0.014292084,-0.0010591212,0.9998757
5.556198333333356,1763422019.9859912,0.0010188818,1.2295182,0.022573285,-0.0068231043,-0.013706666,-0.0009968093,0.9998822
5.588786249999998,1763422020.0185792,0.00087696314,1.229418,0.022463426,-0.007189118,-0.012905054,-0.00097445416,0.9998904
5.607463249999995,1763422020.0372562,0.0008054541,1.2293916,0.022395426,-0.007319041,-0.012462234,-0.0009450251,0.9998951
5.625116458333338,1763422020.0549092,0.0007517338,1.2293953,0.022323094,-0.0073184683,-0.01210832,-0.0009181069,0.99989945
5.64158041666667,1763422020.0713732,0.00071229204,1.2294146,0.022252174,-0.0072653648,-0.011843704,-0.0009118152,0.999903
5.658642458333333,1763422020.0884354,0.00067915185,1.2294334,0.022180134,-0.007198124,-0.011632373,-0.00094353664,0.99990594
5.6763953749999985,1763422020.1061883,0.0006566644,1.2294385,0.022113726,-0.007211024,-0.011497905,-0.00097565254,0.9999074
5.693181166666676,1763422020.1229742,0.0006502602,1.2294272,0.022054752,-0.007298979,-0.011442841,-0.0010261702,0.9999073
5.723923458333331,1763422020.1537163,0.0006760359,1.2294097,0.021938458,-0.007372626,-0.011555001,-0.0011609441,0.99990535
5.74146566666667,1763422020.1712584,0.00071948767,1.2294139,0.021866105,-0.0074533396,-0.011698289,-0.0010269586,0.9999032
5.759500916666667,1763422020.1892939,0.0007689595,1.2294183,0.021796726,-0.0075791646,-0.011857065,-0.000988421,0.99990046
5.783128833333336,1763422020.2129216,0.00082465674,1.2294401,0.021703051,-0.0077455337,-0.012110908,-0.0014209658,0.99989563
5.801823250000012,1763422020.231616,0.00087207556,1.22947,0.021630771,-0.007846393,-0.012398895,-0.0017305169,0.9998908
5.820583375000012,1763422020.2503762,0.00091809034,1.2294996,0.021564752,-0.007980522,-0.012681829,-0.0018306961,0.99988604
5.838042333333334,1763422020.2678351,0.000946939,1.2295097,0.02151104,-0.008152898,-0.01287343,-0.0017480982,0.99988234
5.859667250000001,1763422020.2894602,0.0009624097,1.2294925,0.02145361,-0.008386632,-0.013036236,-0.0015899229,0.9998785
5.887008708333354,1763422020.3168015,0.0009493232,1.2294259,0.021383189,-0.008614514,-0.013102267,-0.0015193244,0.99987584
5.904754166666663,1763422020.334547,0.0009204149,1.2293658,0.021344185,-0.008754095,-0.012994081,-0.0014671235,0.99987614
5.921754666666686,1763422020.3515475,0.00087326765,1.2292943,0.021318004,-0.008902409,-0.012795774,-0.00147759,0.9998774
5.939151250000009,1763422020.3689442,0.0008192923,1.229228,0.021294305,-0.009099117,-0.012478721,-0.001459322,0.99987966
5.958754916666663,1763422020.388548,0.0007627275,1.2291613,0.021279598,-0.009396953,-0.012052632,-0.0013153789,0.99988234
5.985580625000011,1763422020.4153736,0.00071057345,1.2290753,0.02129026,-0.009902931,-0.011497306,-0.001255414,0.99988407
6.002991541666688,1763422020.4327843,0.0007004142,1.229039,0.021311268,-0.010191688,-0.011280413,-0.0013096695,0.99988353
6.025884666666684,1763422020.4556775,0.00073303445,1.2290359,0.021340804,-0.010300462,-0.011218155,-0.0014334527,0.99988294
6.056248041666663,1763422020.4860408,0.00083956454,1.2290792,0.021402536,-0.010123243,-0.011510877,-0.0014979385,0.9998813
6.088483333333329,1763422020.5182762,0.0009842515,1.2291322,0.021510504,-0.009847605,-0.012057648,-0.0017074324,0.99987733
6.105268750000022,1763422020.5350616,0.0010537074,1.2291615,0.021565193,-0.00965891,-0.012342909,-0.0018757567,0.99987537
6.122827041666682,1763422020.55262,0.0011142658,1.2291892,0.021612996,-0.0094540315,-0.012590793,-0.00201802,0.99987394
6.139258874999996,1763422020.5690517,0.0011625886,1.2292266,0.021651223,-0.009223097,-0.012767008,-0.0021425595,0.99987364
6.157641416666678,1763422020.5874343,0.0011988282,1.2292805,0.021688558,-0.008916048,-0.012953424,-0.0022828197,0.9998737
6.175629791666665,1763422020.6054227,0.0012176798,1.2293205,0.021731095,-0.0087068165,-0.013103216,-0.0023952376,0.99987334
6.193119583333356,1763422020.6229124,0.0012178156,1.2293282,0.021779789,-0.008653621,-0.013168862,-0.0024234469,0.9998728
6.220578208333336,1763422020.650371,0.0011797547,1.2293122,0.021857806,-0.008722811,-0.013100885,-0.0024235488,0.9998731
6.237963416666673,1763422020.6677563,0.0011346936,1.2293065,0.021903709,-0.008777111,-0.012965796,-0.0024401166,0.9998744
6.254416291666672,1763422020.684209,0.0010800958,1.2293012,0.021941029,-0.008807827,-0.012786644,-0.0024806447,0.9998764
6.271751291666675,1763422020.7015443,0.0010170075,1.2292985,0.021968944,-0.008810988,-0.012556583,-0.0025575205,0.999879
6.28924600000002,1763422020.719039,0.00095564127,1.2292926,0.021982774,-0.008752784,-0.012327353,-0.0026418779,0.99988216
6.3067113333333396,1763422020.7365043,0.00090117916,1.2292744,0.02198674,-0.008779114,-0.012161701,-0.0027638827,0.99988365
6.326543083333348,1763422020.756336,0.00085282326,1.2292202,0.021974787,-0.008961853,-0.012107565,-0.0029950808,0.999882
6.343968250000017,1763422020.773761,0.00082939863,1.229148,0.021960452,-0.009177195,-0.012230038,-0.0031440163,0.9998781
6.361365708333352,1763422020.7911587,0.00082691177,1.2290791,0.021939563,-0.009462246,-0.0124193,-0.0030782446,0.99987334
6.389289041666672,1763422020.819082,0.0008189678,1.229029,0.021891885,-0.009713935,-0.012702187,-0.0030840521,0.9998674
6.407124041666663,1763422020.836917,0.00080718263,1.2290303,0.021853046,-0.009752696,-0.012852461,-0.0033355297,0.9998642
6.425207041666681,1763422020.855,0.00079317554,1.2290354,0.021823639,-0.009816743,-0.013008294,-0.0035089662,0.999861
6.441745916666662,1763422020.8715389,0.00077843666,1.2290359,0.021810174,-0.009925309,-0.013131775,-0.0035822159,0.9998581
6.459445583333348,1763422020.8892384,0.000760946,1.2290294,0.021809867,-0.010120436,-0.013254944,-0.0035139497,0.99985474
6.492069083333348,1763422020.921862,0.0007073879,1.2289909,0.02183973,-0.0104498165,-0.0133911045,-0.0033408238,0.9998501
6.520316416666674,1763422020.9501092,0.000643909,1.2289685,0.021863133,-0.010471414,-0.01318917,-0.0031092735,0.9998533
6.537619416666672,1763422020.9674122,0.00060496066,1.2289554,0.021874247,-0.010386491,-0.012965856,-0.002953078,0.99985754
6.55878554166668,1763422020.9885783,0.00056630373,1.2289312,0.021890298,-0.010340465,-0.012680038,-0.002829774,0.9998621
6.586806666666689,1763422021.0165997,0.00054200157,1.2289107,0.021916473,-0.01038499,-0.012375662,-0.0026503757,0.99986595
6.604601791666681,1763422021.0343947,0.0005503893,1.2288982,0.021937653,-0.010511897,-0.012257088,-0.0026247709,0.9998662
6.622218000000004,1763422021.0520108,0.00057776435,1.2288765,0.02196736,-0.010680307,-0.012235172,-0.0026300019,0.99986464
6.638913125000016,1763422021.068706,0.0006249547,1.2288615,0.021994285,-0.010804951,-0.012282339,-0.002614861,0.99986273
6.6597727083333496,1763422021.0895655,0.00070520904,1.2288704,0.022015,-0.010789828,-0.012411585,-0.0025765607,0.9998614
6.689623124999997,1763422021.119416,0.00084388256,1.2288958,0.02203776,-0.0106605925,-0.012640372,-0.0026810283,0.9998597
6.707363500000014,1763422021.1371565,0.0009306073,1.2289029,0.02205062,-0.010603465,-0.012758758,-0.002866443,0.9998582
6.7250706666666815,1763422021.1548636,0.0010197163,1.2289203,0.022048205,-0.010444227,-0.01287155,-0.003088825,0.9998578
6.74154900000002,1763422021.171342,0.0011071563,1.2289511,0.02203533,-0.010248893,-0.0130008105,-0.0032817125,0.99985754
6.758605041666669,1763422021.188398,0.0011997223,1.2289684,0.022017628,-0.01011383,-0.013142561,-0.0034857218,0.9998564
6.789082416666673,1763422021.2188754,0.0013560222,1.2289221,0.02200167,-0.01022707,-0.013484282,-0.003815566,0.99984944
6.8065553333333355,1763422021.2363482,0.0014376806,1.2288814,0.021994675,-0.010388136,-0.013667595,-0.003945638,0.99984485
6.825157375000003,1763422021.2549503,0.0015081167,1.2288465,0.021984026,-0.010525197,-0.013811245,-0.0040952074,0.9998408
6.841825958333345,1763422021.2716188,0.0015514062,1.2288252,0.021972368,-0.010619123,-0.0139038805,-0.0042487727,0.9998379
6.859467375000008,1763422021.2892601,0.0015862153,1.2288114,0.021958197,-0.0106781805,-0.013944289,-0.0044047628,0.999836
6.88735650000001,1763422021.3171494,0.0016196535,1.2288097,0.021936411,-0.010634717,-0.013994356,-0.004506109,0.9998353
6.904553333333354,1763422021.3343463,0.001625061,1.2288156,0.021921463,-0.010597971,-0.014021852,-0.0045002173,0.9998354
6.922729541666683,1763422021.3525224,0.0016133189,1.2288017,0.02190943,-0.010594309,-0.014046565,-0.004421551,0.9998354
6.940142958333354,1763422021.3699358,0.0015968084,1.22877,0.021900833,-0.010672757,-0.014066538,-0.0043029594,0.99983484
6.958594416666671,1763422021.3883872,0.001569228,1.228742,0.021882894,-0.010706271,-0.014077823,-0.0042771245,0.9998344
6.976121458333353,1763422021.4059143,0.0015385747,1.2287364,0.021854356,-0.010636639,-0.014074006,-0.004308631,0.99983513
6.993706125000017,1763422021.423499,0.0015099975,1.228745,0.021822205,-0.010559865,-0.013999029,-0.0041731996,0.99983746
7.011357583333336,1763422021.4411504,0.0014757083,1.2287617,0.021786274,-0.010535821,-0.013855528,-0.0040777735,0.99984014
7.028327500000017,1763422021.4581203,0.0014363527,1.2287788,0.021751434,-0.010528857,-0.013725293,-0.0042870175,0.99984115
7.055512125000007,1763422021.485305,0.0013895035,1.2288003,0.021706574,-0.010583087,-0.013776996,-0.004707714,0.999838
7.072986333333347,1763422021.5027792,0.0013694763,1.2287989,0.021690354,-0.010755313,-0.013928044,-0.0047808914,0.99983376
7.090798666666672,1763422021.5205915,0.0013482901,1.2287799,0.02168834,-0.010993227,-0.0141317705,-0.0047287047,0.9998285
7.108538916666674,1763422021.5383317,0.001331389,1.228747,0.021698162,-0.011208989,-0.014381335,-0.0046174214,0.9998231
7.127269416666678,1763422021.5570624,0.0013163851,1.2287139,0.021713303,-0.0113219805,-0.014584895,-0.0045390152,0.9998192
7.143950666666683,1763422021.5737436,0.0012852119,1.2286979,0.021726528,-0.011307163,-0.014651375,-0.004445054,0.9998188
7.161600750000019,1763422021.5913937,0.001236558,1.2286878,0.021742918,-0.01123035,-0.0145545,-0.0043226606,0.99982166
7.1911067916666696,1763422021.6208997,0.0011246966,1.2286414,0.021787541,-0.011164895,-0.014176793,-0.0043377946,0.99982774
7.208633583333352,1763422021.6384265,0.0010587904,1.2285938,0.021824984,-0.011241382,-0.01395537,-0.0043923613,0.9998297
7.227108583333347,1763422021.6569014,0.0009949473,1.2285475,0.021872284,-0.011363344,-0.013804524,-0.0044413577,0.99983025
7.253523291666681,1763422021.6833162,0.0009210871,1.2285094,0.021943698,-0.011467246,-0.013747016,-0.0045482703,0.99982935
7.271140625000015,1763422021.7009335,0.00088718865,1.2285123,0.021996548,-0.011496528,-0.013831859,-0.004543403,0.99982786
7.289307666666673,1763422021.7191005,0.0008636713,1.2285421,0.022048697,-0.011402283,-0.0140026435,-0.0044483994,0.999827
7.306687624999995,1763422021.7364805,0.0008536842,1.2285953,0.022089826,-0.0112013025,-0.0142056625,-0.0042654015,0.99982727
7.323574666666673,1763422021.7533677,0.00085544586,1.2286514,0.022116788,-0.010974948,-0.0143864555,-0.004076042,0.999828
7.340945000000005,1763422021.770738,0.0008478761,1.2286997,0.022147886,-0.010788538,-0.01448161,-0.0039540157,0.9998291
7.360345125000009,1763422021.790138,0.00082319975,1.2287327,0.022189915,-0.010647904,-0.014466648,-0.003961607,0.9998308
7.3878662083333495,1763422021.8176591,0.0007598996,1.228754,0.022251263,-0.010529835,-0.014230285,-0.0041161245,0.9998348
7.4048184166666715,1763422021.8346114,0.00071747764,1.2287654,0.02228144,-0.0104387,-0.014046746,-0.004183388,0.99983805
7.421879166666685,1763422021.851672,0.00067893,1.2287787,0.022303788,-0.010350888,-0.013888424,-0.0041470444,0.99984133
7.438303708333336,1763422021.8680966,0.0006506178,1.2287862,0.02231781,-0.010325705,-0.0137727,-0.0040771114,0.9998435
7.464832125000015,1763422021.894625,0.0006189015,1.2287841,0.022334212,-0.010439286,-0.013712982,-0.0039362274,0.9998437
7.487339541666671,1763422021.9171324,0.0005995631,1.2287769,0.022339754,-0.010611625,-0.013708189,-0.0037958713,0.9998425
7.504720458333338,1763422021.9345133,0.00059890747,1.2287676,0.022325166,-0.010726715,-0.013689051,-0.0036974791,0.99984187
7.52366141666667,1763422021.9534543,0.0006132126,1.2287567,0.022287175,-0.010795849,-0.013641966,-0.0036491714,0.999842
7.541394291666677,1763422021.971187,0.00062561035,1.2287453,0.022248022,-0.0108263735,-0.013563885,-0.0037119691,0.99984246
7.558807083333335,1763422021.9886,0.0006401539,1.2287283,0.022210024,-0.01086874,-0.013499858,-0.0038195706,0.99984246
7.589370375000016,1763422022.0191634,0.00068077113,1.2286924,0.022141034,-0.010989668,-0.013477156,-0.0039634877,0.9998409
7.608907458333334,1763422022.0387003,0.00070859655,1.2286735,0.02209262,-0.011042355,-0.013546895,-0.004062971,0.99983895
7.632515833333343,1763422022.0623088,0.0007529259,1.2286537,0.022033453,-0.011108989,-0.013619782,-0.003882873,0.999838
7.657891416666672,1763422022.0876844,0.0007914305,1.2286458,0.021971315,-0.011253595,-0.013558973,-0.0037601113,0.99983764
7.684903416666685,1763422022.1146963,0.00081270933,1.228667,0.02190543,-0.01129761,-0.013520915,-0.004361563,0.99983525
7.701551625000008,1763422022.1313446,0.000829339,1.2286849,0.021873727,-0.01138159,-0.013559834,-0.004584482,0.9998327
7.7196495416666835,1763422022.1494424,0.00083574984,1.2286943,0.021854369,-0.011549133,-0.013632473,-0.0045625074,0.9998299
7.737199791666683,1763422022.1669927,0.00084091886,1.2286911,0.021845976,-0.011730288,-0.013758314,-0.004404409,0.99982685
7.754689458333331,1763422022.1844823,0.0008416176,1.2286822,0.021843731,-0.011875488,-0.013913423,-0.0042329077,0.9998237
7.771926291666688,1763422022.2017193,0.00082713366,1.2286664,0.021850035,-0.011981543,-0.014007125,-0.004091348,0.9998217
7.789617791666672,1763422022.2194107,0.00079488754,1.228646,0.021862164,-0.012037945,-0.013931408,-0.003883387,0.9998229
7.808231458333353,1763422022.2380242,0.0007426739,1.2286248,0.021875858,-0.012032802,-0.013667155,-0.00370857,0.9998273
7.825897291666678,1763422022.25569,0.0006874965,1.2286173,0.021883646,-0.011961298,-0.013298626,-0.0036221503,0.99983346
7.8542214166666895,1763422022.2840142,0.0006136298,1.2286279,0.02189643,-0.011853087,-0.01269592,-0.0035401979,0.9998429
7.870968375000018,1763422022.3007612,0.00059338077,1.2286352,0.021905283,-0.011857467,-0.012447026,-0.0035797958,0.9998458
7.888986541666668,1763422022.3187795,0.00059551,1.2286444,0.021916777,-0.0119055435,-0.012359426,-0.0037112741,0.9998458
7.906518500000004,1763422022.3363113,0.00063055754,1.2286584,0.021923736,-0.011965746,-0.012487218,-0.0038371924,0.99984306
7.925469416666687,1763422022.3552623,0.0007160902,1.2286801,0.021914862,-0.012003267,-0.012796977,-0.0039020753,0.9998384
7.957059208333334,1763422022.386852,0.00087982416,1.2287147,0.021908082,-0.012089533,-0.013431375,-0.0039033561,0.99982905
7.974926541666662,1763422022.4047194,0.00096024736,1.2287216,0.02191371,-0.0121687455,-0.013747146,-0.0039878106,0.99982345
7.9924301249999985,1763422022.422223,0.0010226038,1.2287327,0.021923775,-0.012217098,-0.013969133,-0.0040830406,0.99981946
8.009924124999998,1763422022.439717,0.0010651946,1.2287483,0.021938838,-0.012211483,-0.014081071,-0.0042120125,0.9998174
8.035387916666679,1763422022.4651809,0.0010869072,1.2287652,0.021976607,-0.012166666,-0.014100311,-0.0043902695,0.9998169
8.057367625000012,1763422022.4871604,0.0010755658,1.228786,0.02200184,-0.012024094,-0.014029036,-0.0044656396,0.9998193
8.074876500000016,1763422022.5046694,0.0010524392,1.2288218,0.022014126,-0.011826925,-0.0139871305,-0.0043935883,0.99982256
8.092215875000022,1763422022.5220087,0.0010223389,1.2288446,0.022025391,-0.011698232,-0.013927486,-0.004266522,0.9998254
8.109685333333346,1763422022.5394783,0.0009792016,1.2288415,0.022042075,-0.011722391,-0.013862091,-0.0040703076,0.9998269
8.134386166666673,1763422022.564179,0.00089657307,1.228803,0.022068866,-0.011928117,-0.013789347,-0.0038367943,0.9998264
