t_mono,t_wall,x,y,z,qx,qy,qz,qw
0.33502883333335376,1760560470.8282518,-0.034062237,0.54892385,0.10834694,-0.021785975,0.15041259,0.0078065707,0.9883524
0.37142108333335955,1760560470.864644,-0.03335203,0.54864186,0.10955121,-0.026498811,0.15137786,0.009559984,0.9880745
0.38870370833336665,1760560470.8819268,-0.03291379,0.54857916,0.11029175,-0.028301962,0.15092479,0.00950043,0.98809433
0.4053268333333335,1760560470.8985498,-0.032462362,0.54851973,0.11107484,-0.0300927,0.14984697,0.008761616,0.9882123
0.4228309583333498,1760560470.916054,-0.031936605,0.5483777,0.11195525,-0.03225623,0.14849894,0.00799693,0.988354
0.44019395833333874,1760560470.9334168,-0.03139296,0.5480934,0.112905174,-0.03497878,0.14733902,0.007975369,0.98843515
0.45760683333332963,1760560470.9508297,-0.03087413,0.547669,0.113928884,-0.038405422,0.14643374,0.008411186,0.9884389
0.47487441666669383,1760560470.9680974,-0.030386582,0.547206,0.11496223,-0.041952077,0.14553136,0.008914864,0.9884236
0.492150666666646,1760560470.9853737,-0.02992075,0.5467486,0.115978815,-0.045340322,0.14439586,0.009122341,0.98843867
0.5094625416666645,1760560471.0026855,-0.029483862,0.54624104,0.11698848,-0.04895141,0.1431067,0.009029743,0.9884547
0.5261312083333678,1760560471.019354,-0.029090084,0.5456314,0.117943585,-0.052998092,0.1419856,0.008957266,0.9884083
0.5436114166666925,1760560471.0368345,-0.028706878,0.5449039,0.11892763,-0.05760344,0.14121625,0.0094056865,0.98825675
0.5614354166666544,1760560471.0546584,-0.028348733,0.5441774,0.119922,-0.062254954,0.14100102,0.010517995,0.98799413
0.5786833750000255,1760560471.0719063,-0.02802889,0.54351145,0.120876886,-0.066801384,0.14126308,0.011893263,0.98764414
0.595960416666685,1760560471.0891833,-0.027715884,0.5428089,0.12184896,-0.07182116,0.14179787,0.013208531,0.9871984
0.6132145000000264,1760560471.1064374,-0.027391851,0.5420014,0.12284094,-0.07759156,0.1424776,0.01424301,0.98664933
0.6305007500000102,1760560471.1237237,-0.027049385,0.54108995,0.12385744,-0.084091894,0.14328215,0.015167254,0.9859862
0.647742624999978,1760560471.1409655,-0.026685163,0.54014283,0.12487381,-0.090826824,0.14425258,0.016271165,0.9852294
0.6650023750000287,1760560471.1582253,-0.026310459,0.5392644,0.12585846,-0.097222686,0.14537406,0.017395016,0.98443466
0.6822809583333651,1760560471.175504,-0.025948927,0.5385217,0.12678674,-0.1030056,0.14651528,0.018059485,0.9836651
0.6995634166666491,1760560471.1927865,-0.025602803,0.5378836,0.12767363,-0.10828345,0.14747296,0.018069942,0.9829546
0.7169166250000103,1760560471.2101395,-0.025231183,0.5372721,0.12853767,-0.113348424,0.14816491,0.017709339,0.9822859
0.7341750416666741,1760560471.227398,-0.02482881,0.5366363,0.12943646,-0.118349485,0.14864512,0.017415036,0.98162866
0.7514618750000182,1760560471.244685,-0.024425391,0.5359822,0.13041683,-0.12332998,0.14910142,0.017389402,0.98094654
0.7687267499999848,1760560471.2619498,-0.024049833,0.5353632,0.13144849,-0.1280223,0.1496659,0.017633237,0.98025477
0.7857218333333549,1760560471.2789447,-0.02371855,0.53479177,0.13247952,-0.13208838,0.15041687,0.018035093,0.97959286
0.8029825416666654,1760560471.2962055,-0.023427371,0.5342796,0.13351205,-0.1356897,0.15131497,0.01845155,0.9789544
0.8202607083333646,1760560471.3134837,-0.023178954,0.5338769,0.13448748,-0.13882114,0.15230288,0.018668601,0.97835785
0.8376787500000091,1760560471.3309016,-0.022945497,0.5335593,0.13538554,-0.14165862,0.15325345,0.018542396,0.9778049
0.8549866666666617,1760560471.3482096,-0.022701453,0.53329617,0.13620004,-0.14432825,0.15412977,0.01834523,0.9772803
0.8723196666666695,1760560471.3655427,-0.022443745,0.53309596,0.13693923,-0.14686146,0.15495543,0.01843039,0.97677064
0.8896560833333638,1760560471.382879,-0.022178296,0.53295875,0.1375833,-0.14912336,0.15573761,0.018587526,0.9763004
0.9069531250000296,1760560471.400176,-0.021914788,0.5328876,0.13810016,-0.15083872,0.15638259,0.018712811,0.97593135
0.9242674166666802,1760560471.4174905,-0.021675326,0.5329153,0.13852835,-0.15183802,0.15677959,0.018673128,0.97571343
0.9415369583333586,1760560471.4347599,-0.021455828,0.53301835,0.1388538,-0.15232669,0.15682957,0.018271424,0.9756368
0.9588348749999795,1760560471.4520578,-0.02123459,0.53314257,0.13906136,-0.15253755,0.15660442,0.01759632,0.97565246
0.9761561666666694,1760560471.4693792,-0.021000218,0.53324986,0.13918819,-0.15256777,0.15615252,0.016879544,0.9757328
0.9927676666666798,1760560471.4859905,-0.020765428,0.53331935,0.13926287,-0.15258162,0.15562136,0.01633281,0.97582483
1.0107142083333542,1760560471.5039372,-0.020529404,0.53335065,0.13932857,-0.15267758,0.15516831,0.015917446,0.9758888
1.0280349999999885,1760560471.5212579,-0.020325135,0.5333067,0.13945808,-0.15291049,0.15505664,0.015676215,0.975874
1.0453130416666454,1760560471.538536,-0.02014564,0.533197,0.1396482,-0.15328537,0.15528896,0.015627276,0.97577906
1.0625962916666936,1760560471.5558193,-0.019989781,0.53305614,0.13984703,-0.15375657,0.15572846,0.015638517,0.97563463
1.0798660416666621,1760560471.573089,-0.019849189,0.532911,0.14004555,-0.15422656,0.15623757,0.015532198,0.9754808
1.0971212499999865,1760560471.5903442,-0.019716438,0.53277826,0.14023653,-0.154648,0.156723,0.015308841,0.9753397
1.1143879583333387,1760560471.607611,-0.019593228,0.53268075,0.14041096,-0.1549191,0.1571455,0.015009761,0.9752333
1.1316870416666802,1760560471.6249099,-0.019494284,0.53267646,0.14058681,-0.15490186,0.15750134,0.014698139,0.9751834
1.1490729166666824,1760560471.6422958,-0.019415088,0.53274715,0.14076498,-0.15460703,0.15783659,0.014508492,0.97517884
1.166364499999986,1760560471.6595874,-0.019344106,0.5328245,0.14094602,-0.15424304,0.15813948,0.014431064,0.97518855
1.183919875000015,1760560471.6771429,-0.019287817,0.532896,0.14114755,-0.15387751,0.1583479,0.014332752,0.97521394
1.201177833333361,1760560471.6944008,-0.019256283,0.53298396,0.14134958,-0.15351157,0.15846753,0.014167828,0.9752546
1.2188937500000065,1760560471.7121167,-0.019256055,0.5331087,0.14154677,-0.1530331,0.15860711,0.014046568,0.97530884
1.2362059999999815,1760560471.729429,-0.01927479,0.5332509,0.14171855,-0.1524246,0.15880556,0.014019491,0.97537225
1.2535065833333192,1760560471.7467296,-0.019310698,0.53341055,0.14186916,-0.15168321,0.15911941,0.014142951,0.9754349
1.2709283749999827,1760560471.7641513,-0.01937583,0.53357667,0.1419978,-0.1509146,0.15954106,0.014371718,0.97548187
1.2884310833333643,1760560471.7816541,-0.019460864,0.5337346,0.14211318,-0.15023161,0.16003755,0.014573755,0.97550297
1.3057122499999991,1760560471.7989352,-0.019554898,0.5338728,0.14221153,-0.14971131,0.16052814,0.014631165,0.9755015
1.3231678333333434,1760560471.8163908,-0.019626684,0.53403527,0.14227682,-0.14926049,0.16097373,0.014537864,0.97549856
1.4218157083333267,1760560471.9150386,-0.019834287,0.5347452,0.1417867,-0.14546175,0.16084121,0.012186027,0.97612625
1.4385980000000131,1760560471.9318209,-0.019761372,0.5344408,0.14193311,-0.14652319,0.16050737,0.011718432,0.97602814
1.4577177083333481,1760560471.9509406,-0.019595917,0.53396726,0.14225042,-0.14852872,0.16022453,0.011496784,0.9757741
1.47567058333334,1760560471.9688935,-0.019463252,0.53359324,0.14258355,-0.15029788,0.16010708,0.011618677,0.975521
1.4924614999999903,1760560471.9856844,-0.019381132,0.53343976,0.14283964,-0.15130273,0.16018845,0.011924823,0.97534865
1.5099249166666482,1760560472.0031478,-0.01934069,0.533487,0.14302582,-0.15163685,0.16055311,0.012359546,0.97523135
1.5267332916666874,1760560472.0199564,-0.01934975,0.53369915,0.14310306,-0.15136184,0.16112494,0.01270264,0.9751754
1.5497978750000243,1760560472.0430207,-0.019429598,0.53418493,0.14302804,-0.150033,0.1619982,0.012711392,0.97523594
1.5678350833333639,1760560472.061058,-0.01951436,0.5345892,0.14289206,-0.14869137,0.16257243,0.012315216,0.9753509
1.5866133333333323,1760560472.0798364,-0.01959271,0.53487206,0.14278083,-0.14773245,0.16306491,0.011817426,0.9754206
1.6029719583333417,1760560472.096195,-0.019642755,0.534959,0.14274918,-0.14747477,0.16345021,0.0116269635,0.97539735
1.6202520833333551,1760560472.113475,-0.019682243,0.5349419,0.14276098,-0.14761846,0.16386044,0.011705071,0.97530586
1.6375801249999995,1760560472.130803,-0.019712687,0.5349082,0.14281745,-0.14787976,0.16427705,0.01189195,0.9751939
1.6548603749999984,1760560472.1480832,-0.019742504,0.5348777,0.14289664,-0.14812927,0.16460714,0.011841394,0.975101
1.6744147083333587,1760560472.1676376,-0.019777428,0.5348207,0.14298518,-0.14851975,0.16481614,0.011482372,0.9750106
1.6917090416666838,1760560472.184932,-0.01979291,0.5347507,0.14306703,-0.14892839,0.16487934,0.011195618,0.9749409
1.7092125833333398,1760560472.2024355,-0.01979693,0.53468555,0.14314848,-0.1493182,0.16481149,0.011068991,0.9748942
1.7265415833333577,1760560472.2197645,-0.019755367,0.5346272,0.14318599,-0.14965025,0.16463913,0.011091714,0.9748722
1.7439271250000274,1760560472.2371502,-0.019678127,0.5345793,0.1432021,-0.14998078,0.16438784,0.011261254,0.97486186
1.7612091666666743,1760560472.2544322,-0.01960209,0.5345527,0.14323111,-0.15026207,0.1641273,0.0114448685,0.97486025
1.7803689583333266,1760560472.273592,-0.019526828,0.5345622,0.14326659,-0.15028736,0.16390325,0.011609157,0.97489214
1.797678000000019,1760560472.290901,-0.019465923,0.5346084,0.14329189,-0.15008952,0.16383919,0.0117432475,0.9749317
1.8150165833333176,1760560472.3082395,-0.0194055,0.53466743,0.14333281,-0.14982593,0.16386138,0.011794254,0.974968
1.8332048749999785,1760560472.326428,-0.019292768,0.53472346,0.14336787,-0.14967258,0.16389216,0.0116121005,0.9749885
1.8505292500000223,1760560472.3437521,-0.019118585,0.5347732,0.14337401,-0.14955512,0.16383666,0.011331297,0.97501916
1.8679115833333526,1760560472.3611345,-0.018926159,0.5348276,0.1433792,-0.14942503,0.16363773,0.011088613,0.9750753
1.8852693750000071,1760560472.3784924,-0.01871717,0.53486747,0.14338242,-0.1493038,0.16329408,0.010799094,0.97515476
1.9026464166666983,1760560472.3958693,-0.01848992,0.5348972,0.14338753,-0.14917597,0.16284798,0.010599931,0.97525114
1.9199270416666536,1760560472.41315,-0.01823901,0.5349261,0.14341296,-0.14905486,0.162332,0.01050071,0.97535676
1.937272291666659,1760560472.4304953,-0.017962702,0.5349626,0.14345178,-0.14892475,0.1617588,0.010368035,0.9754732
1.9546470000000227,1760560472.44787,-0.01766643,0.5350357,0.14349864,-0.14863287,0.1611053,0.010150208,0.97562814
1.9719793333333655,1760560472.4652023,-0.017361693,0.53518915,0.1435337,-0.14797811,0.16038574,0.0098460475,0.97584933
1.9894096250000075,1760560472.4826326,-0.017054718,0.5354624,0.14352363,-0.14672032,0.15958312,0.009407017,0.97617507
2.008705041666701,1760560472.501928,-0.016723525,0.535887,0.14344965,-0.14468908,0.15859747,0.008687089,0.9766455
2.025999249999984,1760560472.5192223,-0.016411692,0.5363094,0.14333467,-0.14268893,0.15760946,0.007924463,0.97710615
2.043378791666669,1760560472.5366018,-0.016085107,0.5366831,0.14325203,-0.14100555,0.15648255,0.007164401,0.9775374
2.060639750000007,1760560472.5538628,-0.015760615,0.5369241,0.1432932,-0.13994324,0.15525608,0.0064831725,0.97789025
2.0783609583333487,1760560472.571584,-0.015429869,0.5370425,0.14346592,-0.13944368,0.15395632,0.006031207,0.97817
2.095645041666671,1760560472.588868,-0.015127294,0.53710884,0.14370336,-0.13923775,0.15275133,0.0058349087,0.9783894
2.113017333333346,1760560472.6062403,-0.014860839,0.53722745,0.14393628,-0.13881023,0.15166877,0.005773679,0.9786189
2.130351625000003,1760560472.6235745,-0.014637537,0.53744304,0.14412054,-0.13788839,0.15072162,0.0058049783,0.97889537
2.148326958333314,1760560472.6415498,-0.014448181,0.53776723,0.14424637,-0.136456,0.14987028,0.005788313,0.9792268
2.1655904583333268,1760560472.6588135,-0.01429978,0.5381309,0.14432326,-0.13496956,0.14914474,0.0057008043,0.97954404
2.1828570416666935,1760560472.67608,-0.014175456,0.53846955,0.14439175,-0.13360003,0.14851472,0.005521239,0.97982854
2.20045004166667,1760560472.693673,-0.014069773,0.5387679,0.14445871,-0.13236918,0.14798968,0.0053431904,0.980076
2.2175344583333185,1760560472.7107575,-0.013991229,0.53903013,0.14450704,-0.13118918,0.14759184,0.00523206,0.9802952
2.2351876249999805,1760560472.7284105,-0.013904598,0.53928316,0.14451967,-0.12998788,0.14730316,0.005126772,0.98049915
2.263031500000011,1760560472.7562544,-0.013778567,0.5395612,0.14454505,-0.12855028,0.14698969,0.0048667565,0.9807371
2.2804552499999886,1760560472.7736783,-0.013735596,0.5396634,0.1445868,-0.12802538,0.14688717,0.0046607885,0.9808221
2.2978312500000015,1760560472.7910542,-0.013720699,0.53975105,0.14462079,-0.12756296,0.14687276,0.004473068,0.9808854
2.3155813333333413,1760560472.8088043,-0.013730533,0.5398389,0.14463207,-0.12707804,0.14696546,0.0043625673,0.9809349
2.3329241666666576,1760560472.826147,-0.013752911,0.5398977,0.14462411,-0.12668031,0.1471384,0.0043795574,0.98096037
2.350203208333312,1760560472.8434262,-0.013779286,0.5399124,0.14461014,-0.12644146,0.14736128,0.00452139,0.9809571
2.3674535833333152,1760560472.8606765,-0.013815846,0.5398915,0.1445982,-0.12631655,0.14758497,0.0046752575,0.9809388
2.384726624999985,1760560472.8779495,-0.013865899,0.5398701,0.14457719,-0.1261518,0.14777748,0.0047591943,0.9809306
2.4019711249999887,1760560472.895194,-0.0139260255,0.5398714,0.14452769,-0.12585102,0.14797653,0.0048767747,0.98093873
2.419235541666694,1760560472.9124584,-0.013996128,0.53990257,0.14445116,-0.12544563,0.14817914,0.0050328723,0.98095924
2.435721833333332,1760560472.9289448,-0.014020976,0.53999156,0.14431632,-0.12497845,0.148371,0.0051435516,0.98098934
2.4530465000000277,1760560472.9462695,-0.014010467,0.5401518,0.14411876,-0.12434859,0.14849952,0.0050582625,0.9810503
2.4703276249999817,1760560472.9635506,-0.014019579,0.54036736,0.14390112,-0.12344685,0.1485117,0.0047520585,0.98116386
2.487594124999987,1760560472.980817,-0.014047883,0.54064775,0.14365831,-0.122190066,0.14843318,0.0044475715,0.9813345
2.5071042499999976,1760560473.000327,-0.014108375,0.5410391,0.1433537,-0.12035015,0.14835982,0.0041920333,0.98157406
2.5244403333333594,1760560473.0176632,-0.014182217,0.54143655,0.1430804,-0.11846878,0.14838056,0.0040644533,0.9818003
2.541833416666691,1760560473.0350564,-0.01427649,0.5418745,0.14278471,-0.116256386,0.14852062,0.004043528,0.9820436
2.5591894166666975,1760560473.0524123,-0.014392834,0.5423519,0.14242262,-0.113567755,0.14877696,0.004057912,0.98231936
2.57653908333333,1760560473.069762,-0.014521554,0.5428497,0.14198744,-0.11043996,0.149124,0.0040445635,0.9826234
2.593831916666659,1760560473.087055,-0.0146454945,0.54333264,0.14151202,-0.10722117,0.14953613,0.004010179,0.9829173
2.6112116666666907,1760560473.1044347,-0.014742907,0.54375935,0.14103694,-0.10418563,0.1499849,0.0039734105,0.9831756
2.62827841666666,1760560473.1215014,-0.014799837,0.5440676,0.14058524,-0.101494245,0.15040804,0.0038967265,0.98339266
2.6456909999999993,1760560473.1389139,-0.01482144,0.54432905,0.14014283,-0.098874316,0.15072575,0.0036637827,0.9836118
2.663020500000016,1760560473.1562436,-0.014813602,0.5446651,0.13969287,-0.096013404,0.1508718,0.00327413,0.9838742
2.681655791666685,1760560473.1748788,-0.014784861,0.5451323,0.13918279,-0.09255963,0.15075128,0.0026076823,0.9842256
2.699040916666661,1760560473.1922638,-0.014744591,0.5456059,0.13869266,-0.08920128,0.15041864,0.0019111886,0.9845881
2.716416625000022,1760560473.2096395,-0.014689792,0.5460521,0.1382058,-0.085959844,0.14994799,0.0014067981,0.984949
2.733953958333359,1760560473.227177,-0.014608145,0.5464596,0.13775,-0.08284152,0.14943086,0.0011514699,0.98529506
2.751221208333334,1760560473.2444441,-0.014537863,0.5468608,0.13731875,-0.07975233,0.14893234,0.0010248048,0.9856255
2.768664708333347,1760560473.2618876,-0.014513142,0.54728293,0.13686481,-0.07647161,0.14846319,0.00085438596,0.98595643
2.7857217499999933,1760560473.2789447,-0.01453612,0.54768014,0.136398,-0.0732545,0.14798926,0.0006041955,0.98627204
2.8030869166667003,1760560473.29631,-0.014605328,0.54802185,0.13591121,-0.0702919,0.14751911,0.000310881,0.9865582
2.8196017916666847,1760560473.3128247,-0.014706157,0.54826236,0.1354422,-0.0679027,0.1471076,8.0550366e-05,0.98678696
2.8369522083333436,1760560473.3301752,-0.014811184,0.5484559,0.13496065,-0.065862216,0.14667694,-0.000118053234,0.9869894
2.8543747500000336,1760560473.3475976,-0.014913388,0.54856586,0.13448334,-0.06433828,0.14627326,-0.00019666276,0.9871498
2.8716984583333556,1760560473.3649213,-0.015027028,0.54854083,0.1340115,-0.06346813,0.1459784,-8.010932e-06,0.9872498
2.897226666666654,1760560473.3904495,-0.015204489,0.5483103,0.13333985,-0.06320067,0.14586145,0.000715791,0.98728395
2.915640250000024,1760560473.4088633,-0.015327942,0.5480987,0.13286157,-0.06316195,0.14590232,0.001256116,0.98727983
2.933019083333363,1760560473.426242,-0.015416235,0.5479383,0.13238189,-0.06302856,0.14585108,0.001539845,0.98729557
2.950321416666668,1760560473.4435444,-0.015470117,0.547793,0.13188079,-0.06285389,0.14570156,0.0016973288,0.9873285
2.9676971250000292,1760560473.46092,-0.015502047,0.5476404,0.1313868,-0.062677175,0.14555217,0.002033687,0.98736113
2.9850282500000276,1760560473.4782512,-0.015524864,0.54749644,0.13090895,-0.06256638,0.14549781,0.0025149088,0.987375
3.0023055833333387,1760560473.4955285,-0.015549764,0.5473806,0.13043855,-0.062355895,0.14550978,0.0029690103,0.9873854
3.0195968333333667,1760560473.5128198,-0.015586454,0.54731923,0.12995537,-0.061862163,0.14547242,0.0032391027,0.9874211
3.0369969166666806,1760560473.5302198,-0.015646666,0.54735786,0.1293884,-0.061005138,0.1452171,0.0031192475,0.98751235
3.054390083333317,1760560473.5476131,-0.015735514,0.54748935,0.12875137,-0.05986924,0.1447611,0.00273452,0.98765
3.0720150416666456,1760560473.565238,-0.015871327,0.5476589,0.128105,-0.05869496,0.14422184,0.0024282052,0.9878001
3.089497791666645,1760560473.5827208,-0.016052976,0.54779816,0.12749977,-0.057700388,0.14380711,0.0023340087,0.9879194
3.106814166666652,1760560473.600037,-0.016275413,0.54786485,0.12695293,-0.0570087,0.1435771,0.002480477,0.98799264
3.125121833333367,1760560473.6183448,-0.016544003,0.547833,0.12641582,-0.056696903,0.14349923,0.0028051774,0.988021
3.1461682916666973,1760560473.6393912,-0.016873077,0.5476839,0.1258658,-0.0566944,0.14350098,0.003253159,0.9880195
3.163496000000009,1760560473.656719,-0.017145097,0.54753435,0.12545893,-0.05674069,0.14347506,0.0036222653,0.9880194
3.180966041666693,1760560473.674189,-0.017415866,0.5473972,0.12506342,-0.05662193,0.14336254,0.0039743334,0.98804116
3.198305624999989,1760560473.6915286,-0.017682184,0.5472997,0.12467374,-0.05626113,0.14320439,0.004391702,0.98808295
3.2155959166667003,1760560473.708819,-0.017951023,0.5472469,0.124283716,-0.055747066,0.14309654,0.0048779356,0.98812544
3.233077250000008,1760560473.7263002,-0.018237352,0.5472553,0.12380946,-0.055185836,0.14306763,0.005364308,0.9881586
3.250535124999999,1760560473.743758,-0.018537402,0.54730606,0.12327081,-0.054689497,0.14307022,0.005708162,0.98818386
3.267968708333342,1760560473.7611916,-0.018826582,0.5473492,0.12277247,-0.054330464,0.1430016,0.0057932134,0.9882131
3.2854035000000295,1760560473.7786264,-0.019100059,0.5473702,0.12231808,-0.05415944,0.14279266,0.0056729354,0.9882535
3.3027186250000113,1760560473.7959416,-0.019360803,0.54735637,0.12191307,-0.05409542,0.14243157,0.0055001066,0.98831004
3.319586249999986,1760560473.8128092,-0.019609138,0.54730916,0.12155402,-0.05410028,0.14203073,0.0054417574,0.98836774
3.336977041666671,1760560473.8302,-0.019831732,0.54722476,0.1212059,-0.054154437,0.1416626,0.005505338,0.98841727
3.3544743333333145,1760560473.8476973,-0.020043317,0.5471087,0.12088627,-0.05425806,0.14133222,0.0055108424,0.9884589
3.371963833333325,1760560473.8651867,-0.020271096,0.54698116,0.12059926,-0.0544202,0.14101483,0.005390519,0.98849595
3.3893745416666547,1760560473.8825974,-0.020511687,0.5468592,0.12033727,-0.054592386,0.14066927,0.005192105,0.9885367
3.406650041666694,1760560473.899873,-0.020762876,0.5467684,0.120090075,-0.054621115,0.14020182,0.004823385,0.9886034
3.4239524999999844,1760560473.9171755,-0.021015655,0.54671425,0.11984123,-0.054410163,0.13942185,0.004148266,0.9887284
3.442541333333338,1760560473.9357643,-0.021266162,0.5467882,0.11949562,-0.053876992,0.1378829,0.0030990709,0.98897725
3.4599338333333662,1760560473.9531567,-0.021426998,0.5470168,0.11906935,-0.052822243,0.13528557,0.0018792144,0.98939586
3.4773147083333242,1760560473.9705377,-0.021435454,0.5473871,0.118549146,-0.050986893,0.1309515,0.0007605853,0.9900765
3.4948587499999917,1760560473.9880817,-0.021198325,0.5479164,0.11791992,-0.048317418,0.12419651,3.248487e-05,0.9910806
3.5125702083333294,1760560474.005793,-0.020628497,0.5486293,0.117171906,-0.044732388,0.11441895,-0.00034854043,0.9924249
3.529935916666659,1760560474.0231588,-0.019662198,0.54954517,0.11628395,-0.039940752,0.10154668,-0.00017337852,0.9940286
3.547324250000031,1760560474.0405471,-0.018248476,0.5506746,0.11530958,-0.033825807,0.08519718,0.000755557,0.99578947
3.564701583333317,1760560474.0579245,-0.016431388,0.55192167,0.11435955,-0.027002228,0.065652296,0.0023148537,0.9974745
3.5814971249999985,1760560474.0747201,-0.014296159,0.55319506,0.11352965,-0.019750902,0.04389663,0.004402907,0.99883115
3.6017695833333505,1760560474.0949926,-0.011212647,0.5548059,0.11272706,-0.010441823,0.014241617,0.007949386,0.9998125
3.61947333333336,1760560474.1126962,-0.008168146,0.5561845,0.11228244,-0.0024437066,-0.013798258,0.012183842,0.99982756
3.636976916666697,1760560474.1302,-0.0049234405,0.5573548,0.11212319,0.004789056,-0.042351548,0.01686616,0.99894893
3.654373666666686,1760560474.1475966,-0.0016238391,0.5582959,0.1122468,0.011061306,-0.07057478,0.021048075,0.997223
3.6717736250000144,1760560474.1649966,0.0015868265,0.5590348,0.112625204,0.016268412,-0.0979876,0.024786094,0.9947459
3.6893819583333425,1760560474.182605,0.004663784,0.55955637,0.11320129,0.020271035,-0.12413766,0.02855677,0.9916468
3.7066613333333294,1760560474.1998842,0.007441383,0.5599056,0.11387451,0.023320263,-0.14757757,0.03211665,0.98825383
3.7240967083333203,1760560474.2173197,0.009956481,0.56014735,0.11460829,0.026289167,-0.16876633,0.03527889,0.9846737
3.742646291666688,1760560474.2358692,0.012315197,0.5603704,0.11542843,0.029508254,-0.18873578,0.038243555,0.9808392
3.7602125416666468,1760560474.2534356,0.014290286,0.560563,0.11623104,0.0322562,-0.20546852,0.040937506,0.9772749
3.7775795000000016,1760560474.2708025,0.016030556,0.5607611,0.11702257,0.03486323,-0.22018838,0.043466326,0.9738646
3.7948450000000093,1760560474.288068,0.017584683,0.56104815,0.11778739,0.037672885,-0.23312016,0.04598619,0.9706292
3.812163499999997,1760560474.3053865,0.018978082,0.56142795,0.11855404,0.040624905,-0.24458815,0.048757706,0.9675479
3.829452500000002,1760560474.3226755,0.020260934,0.5618988,0.11922602,0.043409746,-0.25487763,0.051403224,0.9646298
3.8468819999999937,1760560474.340105,0.02147044,0.5623748,0.11986296,0.045817353,-0.264441,0.05354939,0.96182334
3.8640099583333267,1760560474.3572328,0.022563722,0.5628024,0.12053387,0.047865324,-0.27298713,0.05556023,0.95921844
3.881434249999984,1760560474.3746572,0.023566414,0.5632712,0.121224046,0.049983,-0.28050846,0.057701726,0.95681095
3.8998772500000314,1760560474.3931003,0.024514457,0.56380093,0.12195294,0.052186906,-0.28727219,0.059865173,0.95455086
3.9173858333333555,1760560474.4106088,0.025319543,0.56422406,0.12265064,0.053797178,-0.29280078,0.061590597,0.95267
3.9340643333333674,1760560474.4272873,0.025974108,0.5645208,0.12327039,0.054715753,-0.29736444,0.0627382,0.951128
3.95139475000002,1760560474.4446177,0.026556384,0.5647828,0.123861924,0.05540103,-0.30147105,0.06367991,0.949732
3.9688271250000184,1760560474.46205,0.027082713,0.56503534,0.124421015,0.05609214,-0.3049698,0.06478593,0.9484987
3.9857240416666855,1760560474.478947,0.027500844,0.56524014,0.12489179,0.056432247,-0.30776715,0.066165194,0.94747925
4.003133208333338,1760560474.4963562,0.027851861,0.565381,0.12529464,0.056540478,-0.30995888,0.067512795,0.94666296
4.020523291666677,1760560474.5137463,0.028123785,0.56542194,0.12560667,0.05645084,-0.31160358,0.06809604,0.9460864
4.038255291666701,1760560474.5314782,0.028316101,0.565385,0.12589383,0.056045856,-0.31286916,0.06833206,0.9456757
4.0559847083333125,1760560474.5492077,0.02843017,0.5653171,0.12611791,0.055274528,-0.31359273,0.0686422,0.94545895
4.073268499999983,1760560474.5664914,0.028499754,0.5652057,0.12624241,0.05431822,-0.3137909,0.068937056,0.9454272
4.090718625000022,1760560474.5839415,0.028546965,0.56504023,0.12630287,0.053208355,-0.3136344,0.06900182,0.94553745
4.113961041666698,1760560474.607184,0.028568098,0.56476927,0.12629893,0.0516677,-0.31278634,0.06861592,0.94593185
4.131270291666681,1760560474.6244934,0.028520081,0.5645666,0.12617418,0.050494086,-0.3115143,0.068115324,0.946451
4.148854333333361,1760560474.6420772,0.028402343,0.5643567,0.12596922,0.04934038,-0.3096791,0.06744678,0.9471617
4.166282125000009,1760560474.6595051,0.028228179,0.564158,0.12575376,0.04826866,-0.30744058,0.066549286,0.9480093
4.1826950833333285,1760560474.675918,0.028000135,0.5639935,0.12552743,0.04733798,-0.30489975,0.06558709,0.94894344
4.200425791666646,1760560474.6936488,0.027652219,0.56380963,0.1252265,0.046249494,-0.30136794,0.06454137,0.9501962
4.217744999999979,1760560474.710968,0.027169507,0.563602,0.12485094,0.04499036,-0.29688781,0.06347136,0.9517378
4.23522591666665,1760560474.7284489,0.026484147,0.5633809,0.12431756,0.043257203,-0.2910394,0.062345058,0.953697
4.2565790833333494,1760560474.749802,0.02528387,0.5629648,0.123436585,0.03961248,-0.28130507,0.060985874,0.95685893
4.273909791666654,1760560474.7671328,0.023979379,0.5624486,0.12255442,0.03562448,-0.27070588,0.059773885,0.9601439
4.291540458333316,1760560474.7847633,0.0223242,0.5618449,0.12149311,0.031297013,-0.25731894,0.058613524,0.9640394
4.312502958333312,1760560474.8057258,0.019852445,0.56100327,0.12002959,0.025814336,-0.23813283,0.05708479,0.96920985
4.329916125000011,1760560474.8231392,0.017351747,0.560134,0.11864646,0.020786075,-0.21971299,0.055039223,0.9737889
4.352085958333362,1760560474.845309,0.013631234,0.5588762,0.1167773,0.014227859,-0.19371974,0.051643003,0.9795934
4.36948325000003,1760560474.8627062,0.010384782,0.557879,0.11532755,0.009260991,-0.17185707,0.049183678,0.98384976
4.386944249999999,1760560474.8801672,0.006905094,0.5569191,0.113927245,0.004469293,-0.14896624,0.047245316,0.98770285
4.404301416666669,1760560474.8975244,0.003304163,0.5560237,0.112623274,0.00017638171,-0.1258879,0.04521458,0.9910135
4.421707500000025,1760560474.9149303,-0.0003316775,0.5552005,0.111427926,-0.0035890494,-0.10327615,0.042884942,0.99372137
4.439350583333351,1760560474.9325736,-0.0039109327,0.55445874,0.110387266,-0.0070593366,-0.08149036,0.04039493,0.9958302
4.4567637083333125,1760560474.9499867,-0.0073065534,0.5537859,0.109533444,-0.0103459945,-0.061143618,0.038301975,0.9973402
4.474882250000007,1760560474.9681053,-0.010724079,0.55315393,0.10877616,-0.013376105,-0.04123701,0.036428183,0.9983955
4.4922332916666505,1760560474.9854562,-0.013805687,0.55266035,0.10816537,-0.015661668,-0.023886684,0.03486121,0.99898386
4.512418749999995,1760560475.0056417,-0.017078668,0.5521752,0.107579485,-0.017784918,-0.00631796,0.033459194,0.99926186
4.529797833333362,1760560475.0230207,-0.019497052,0.55167985,0.10706639,-0.019516148,0.006840105,0.03260359,0.9992544
4.547216750000018,1760560475.0404396,-0.021643534,0.55110276,0.10658629,-0.021436067,0.018614702,0.031982373,0.9990851
4.564615375000017,1760560475.0578384,-0.023642693,0.5505493,0.10620016,-0.023255963,0.029026272,0.031512357,0.99881107
4.58204975000001,1760560475.0752728,-0.02547793,0.55005735,0.1058619,-0.024731118,0.038053073,0.03119468,0.99848247
4.5994861249999985,1760560475.092709,-0.027143016,0.5496172,0.10557225,-0.026027955,0.045822673,0.031024616,0.9981284
4.617006375000017,1760560475.1102293,-0.028645243,0.54921895,0.10533015,-0.02721378,0.052390326,0.030901307,0.9977774
4.634387458333322,1760560475.1276104,-0.02997259,0.5489144,0.10505444,-0.028177839,0.057689536,0.030749265,0.997463
4.652133333333325,1760560475.1453562,-0.031165503,0.5486782,0.10473117,-0.028941575,0.062049363,0.03067161,0.9971818
4.669520041666658,1760560475.162743,-0.032219436,0.54845905,0.10445458,-0.029671127,0.06551877,0.030635627,0.9969395
4.686209000000019,1760560475.179432,-0.033138283,0.5482583,0.10421543,-0.030338382,0.06818913,0.030772833,0.9967361
4.703621666666663,1760560475.1968446,-0.034010373,0.54806954,0.10399127,-0.030865157,0.07038368,0.031180568,0.9965547
4.721233416666678,1760560475.2144563,-0.034862854,0.54786783,0.10373777,-0.03124662,0.07214969,0.03168794,0.99640054
4.740526583333349,1760560475.2337496,-0.03576545,0.5476271,0.10347749,-0.031625733,0.07378474,0.032147057,0.9962541
4.757830041666693,1760560475.251053,-0.036541197,0.54740757,0.10325221,-0.032062516,0.07515133,0.03231351,0.99613255
4.784205250000014,1760560475.2774282,-0.037671857,0.5470842,0.1028585,-0.032951064,0.07713361,0.032033112,0.9959611
4.801563083333349,1760560475.294786,-0.03836951,0.54691625,0.10255716,-0.033389438,0.07836406,0.03183445,0.9958568
4.819181875000027,1760560475.3124049,-0.039040472,0.5467523,0.1022329,-0.033720545,0.07955261,0.03165899,0.995757
4.835722374999989,1760560475.3289454,-0.039732203,0.54658324,0.10197783,-0.034054093,0.08057793,0.031497177,0.9956684
4.853134041666692,1760560475.346357,-0.04049072,0.54638255,0.10174829,-0.034527786,0.08152962,0.03133432,0.9955797
4.87047045833333,1760560475.3636935,-0.0411693,0.54613304,0.10152479,-0.035176173,0.082409546,0.031216118,0.9954883
4.887848708333365,1760560475.3810716,-0.041773945,0.54583347,0.10131967,-0.035966802,0.08325755,0.031083653,0.9953936
4.905204833333357,1760560475.3984277,-0.04231028,0.545518,0.101141855,-0.036803085,0.084051386,0.030948259,0.99530053
4.922669250000013,1760560475.4158921,-0.04280644,0.5452195,0.10099225,-0.03754454,0.08475263,0.030763675,0.99521905
4.939944708333314,1760560475.4331677,-0.043260723,0.5449641,0.10085577,-0.0381711,0.08542486,0.030620066,0.9951422
4.9573473333333595,1760560475.4505703,-0.043679003,0.5447582,0.10070829,-0.038656462,0.08616198,0.030584762,0.995061
4.9814514999999915,1760560475.4746745,-0.044201154,0.5445767,0.10048254,-0.03894951,0.08726756,0.030678647,0.9949503
4.999512750000008,1760560475.4927356,-0.044543214,0.54450977,0.10029672,-0.03893351,0.08806228,0.030675665,0.99488103
5.016803999999979,1760560475.510027,-0.04482233,0.54447854,0.10010493,-0.038811617,0.088718444,0.030601507,0.9948298
5.03417566666667,1760560475.5273986,-0.04504893,0.54447126,0.09989868,-0.03855081,0.089291014,0.030546393,0.9947903
5.051579833333335,1760560475.544803,-0.04523854,0.54451245,0.099701285,-0.037998173,0.0898494,0.030588586,0.99476004
5.068992166666646,1760560475.562215,-0.045413643,0.54462117,0.09952185,-0.037087362,0.09047354,0.03069961,0.9947344
5.085756791666654,1760560475.5789797,-0.04556886,0.54477066,0.0993672,-0.035990473,0.09111767,0.030806446,0.99471265
5.103198249999991,1760560475.5964212,-0.04570794,0.54493684,0.09923,-0.034829844,0.0917495,0.030978309,0.99469054
5.1205845833333115,1760560475.6138074,-0.04583999,0.5450998,0.09911465,-0.033829078,0.0923785,0.03123157,0.99465895
5.138052666666681,1760560475.6312757,-0.045954503,0.5452434,0.09902797,-0.03300411,0.092991106,0.03146367,0.99462223
5.1554459999999835,1760560475.648669,-0.046025347,0.54535544,0.09897134,-0.032383658,0.09354195,0.03165688,0.99458486
5.172996833333343,1760560475.6662197,-0.04604623,0.5454264,0.098938525,-0.031965047,0.09395528,0.031724196,0.9945573
5.191388666666683,1760560475.6846116,-0.046009906,0.54546565,0.09892287,-0.031693224,0.09417357,0.031661976,0.99454737
5.217247999999984,1760560475.710471,-0.045870032,0.5454762,0.09892623,-0.03148968,0.09415521,0.031459898,0.994562
5.2340255833333345,1760560475.7272484,-0.045816872,0.5454402,0.09891664,-0.031419344,0.09406834,0.031368215,0.9945753
5.251397083333359,1760560475.74462,-0.045807585,0.5453849,0.09889399,-0.031355575,0.09399416,0.031288784,0.9945868
5.268835708333313,1760560475.7620587,-0.045784906,0.54534465,0.0988837,-0.03127164,0.09401164,0.03119866,0.99459064
5.285721333333356,1760560475.7789443,-0.045767017,0.5453154,0.098885745,-0.031201016,0.0941346,0.031071508,0.9945852
5.303098958333351,1760560475.7963219,-0.045757946,0.5452782,0.098901436,-0.031189334,0.09436,0.030914586,0.9945692
5.320537750000028,1760560475.8137608,-0.045783315,0.5452394,0.09892145,-0.031246185,0.09467054,0.030775186,0.9945421
5.337852958333315,1760560475.831076,-0.045829188,0.5452116,0.098942935,-0.03131522,0.095009424,0.030639505,0.9945118
5.355198333333362,1760560475.8484213,-0.045869153,0.5451969,0.09897545,-0.031352468,0.09529193,0.030490024,0.99448824
5.372571416666688,1760560475.8657944,-0.045910675,0.54518557,0.09901281,-0.031345397,0.09560575,0.030364914,0.9944622
5.389968708333356,1760560475.8831916,-0.0459776,0.54516965,0.099061266,-0.031386,0.09602428,0.03030912,0.99442226
5.407312250000018,1760560475.900535,-0.04607549,0.5451463,0.09911662,-0.031513307,0.096618176,0.030376568,0.99435866
5.42470266666669,1760560475.9179256,-0.046197735,0.5451059,0.099175915,-0.031705137,0.09738126,0.030529877,0.9942734
5.4492771249999805,1760560475.9425,-0.046476446,0.54502434,0.099271975,-0.032007594,0.098616816,0.030754648,0.994135
5.46656866666666,1760560475.9597917,-0.046704978,0.54497683,0.099336706,-0.032123145,0.099475004,0.030790016,0.99404466
5.485406791666662,1760560475.9786298,-0.04694764,0.54492766,0.09939956,-0.032266527,0.10029611,0.03065323,0.99396175
5.502670000000023,1760560475.995893,-0.047162764,0.544867,0.0994606,-0.032523,0.10092741,0.03054816,0.9938927
5.519984666666687,1760560476.0132077,-0.04736035,0.54478437,0.0995079,-0.032920104,0.10149468,0.030466964,0.99382436
5.537315041666659,1760560476.030538,-0.047548894,0.54467696,0.09954573,-0.033414897,0.10201724,0.030520668,0.9937527
5.554689958333313,1760560476.0479128,-0.047736704,0.5445432,0.09957968,-0.033930644,0.10248734,0.030630523,0.99368346
5.5720607083333675,1760560476.0652838,-0.047926977,0.5443986,0.09961164,-0.03448064,0.102946945,0.030794337,0.993612
5.589425375000019,1760560476.0826483,-0.048162207,0.5442382,0.09966024,-0.035094045,0.103425525,0.030756647,0.99354196
5.606694041666685,1760560476.099917,-0.04846342,0.5440483,0.099723816,-0.035961512,0.10433105,0.030511923,0.99342376
5.624074541666687,1760560476.1172974,-0.04881672,0.5438718,0.09979008,-0.036688153,0.10537591,0.03030453,0.9932933
5.647993333333318,1760560476.1412163,-0.04945409,0.5437053,0.09976413,-0.037498128,0.1072583,0.030042836,0.99306947
5.66527854166668,1760560476.1585014,-0.04994597,0.5435928,0.09972277,-0.038096998,0.10885304,0.029913086,0.99287707
5.682634750000034,1760560476.1758578,-0.050399855,0.5434743,0.09968589,-0.038656272,0.11048767,0.029864235,0.9926763
5.7005047083333125,1760560476.1937277,-0.050816424,0.54336023,0.09962818,-0.039082967,0.11211114,0.029799625,0.99247956
5.717757000000006,1760560476.21098,-0.051173158,0.5432469,0.099534705,-0.03947271,0.113593474,0.029642824,0.9923002
5.735237541666663,1760560476.2284606,-0.051519413,0.5431138,0.09940976,-0.039969906,0.11500199,0.029390056,0.9921256
5.752618583333344,1760560476.2458415,-0.051848892,0.5429792,0.09923716,-0.040470712,0.11625218,0.029043376,0.99196976
5.769407166666667,1760560476.2626302,-0.052130383,0.54286236,0.099014185,-0.040882632,0.117311805,0.028629852,0.9918401
5.786760624999999,1760560476.2799835,-0.05239165,0.54271907,0.0987454,-0.041435484,0.118255764,0.028198946,0.99171746
5.804086874999996,1760560476.2973099,-0.052631255,0.5425267,0.09845364,-0.04219854,0.11911238,0.027767787,0.9915949
5.822617791666687,1760560476.3158407,-0.052887827,0.54224753,0.098135784,-0.043288708,0.119996324,0.02735696,0.9914528
5.839919291666661,1760560476.3331423,-0.053135805,0.5419178,0.097827785,-0.044613525,0.12086102,0.02705382,0.9912973
5.857256458333325,1760560476.3504794,-0.05340942,0.54152846,0.097518675,-0.04621074,0.12177662,0.026654745,0.99112284
5.875737000000015,1760560476.36896,-0.053767744,0.5410689,0.09719773,-0.048055008,0.12273224,0.026078528,0.9909326
5.8935284166666975,1760560476.3867514,-0.05420094,0.54059833,0.096868016,-0.049752597,0.1235728,0.025353624,0.9907632
5.915162375000023,1760560476.4083853,-0.054874178,0.5399786,0.09639799,-0.05185251,0.12453551,0.024453219,0.99055755
5.932279916666687,1760560476.4255028,-0.055580426,0.5394547,0.09597792,-0.05398571,0.12530394,0.023971785,0.9903584
5.949629916666652,1760560476.442853,-0.056436576,0.53888726,0.095527545,-0.05672842,0.12605324,0.023861771,0.99011266
5.967068291666692,1760560476.4602911,-0.057425965,0.5383168,0.09502198,-0.05964327,0.12672952,0.024077939,0.9898498
5.984381958333358,1760560476.4776049,-0.058564007,0.53779083,0.09440246,-0.062277496,0.12733252,0.02439925,0.98960227
6.0018062500000156,1760560476.4950292,-0.059865475,0.5373332,0.093587235,-0.06459126,0.12783422,0.025011068,0.989374
6.019488458333342,1760560476.5127115,-0.061338454,0.53694886,0.09253162,-0.06648963,0.12816796,0.026195135,0.98917437
6.036945708333349,1760560476.5301688,-0.06301625,0.53663015,0.09126985,-0.06795142,0.12851152,0.028051883,0.9889795
6.054410708333364,1760560476.5476336,-0.064937316,0.53629243,0.08989767,-0.06970351,0.12879466,0.030088244,0.9887608
6.071776166666666,1760560476.564999,-0.0670525,0.53590226,0.08843946,-0.0717148,0.12914926,0.03181333,0.98851675
6.0892758749999985,1760560476.5824988,-0.06939323,0.535548,0.086801946,-0.0732817,0.12949927,0.033498585,0.9883003
6.106542250000018,1760560476.5997653,-0.07188467,0.5352461,0.08500356,-0.07449911,0.12985663,0.035367128,0.9880973
6.123986916666695,1760560476.61721,-0.074547835,0.5348402,0.08304396,-0.076164305,0.13022275,0.037239805,0.98785335
6.143153666666649,1760560476.6363766,-0.07762269,0.5342458,0.08070014,-0.07864118,0.13058148,0.039323345,0.9875311
6.160499583333319,1760560476.6537225,-0.08054699,0.53369504,0.078330696,-0.080649585,0.13083935,0.041205384,0.98725826
6.178223083333364,1760560476.671446,-0.08368507,0.53316325,0.07566449,-0.08226728,0.1310729,0.042948533,0.9870195
6.195514041666684,1760560476.688737,-0.08688899,0.5326145,0.07286821,-0.08378581,0.13125674,0.044205148,0.98681176
6.214235541666653,1760560476.7074585,-0.09048325,0.53194904,0.06968582,-0.085888505,0.13135757,0.045205943,0.9865722
6.230611333333343,1760560476.7238343,-0.093729086,0.53137547,0.06687486,-0.08819705,0.13133536,0.046064775,0.98633176
6.247968083333319,1760560476.7411911,-0.09727657,0.5308329,0.06386308,-0.09091662,0.13125098,0.047027964,0.9860506
6.265288333333331,1760560476.7585113,-0.100903235,0.5303635,0.06077217,-0.093352094,0.13124208,0.04823891,0.98576564
6.284966666666662,1760560476.7781897,-0.105096936,0.52988905,0.057204686,-0.09585536,0.13155288,0.050060846,0.9853931
6.3023222500000315,1760560476.795545,-0.108837426,0.52944326,0.054083385,-0.09818507,0.13226873,0.052037675,0.9849653
6.319809041666701,1760560476.813032,-0.112599894,0.5289329,0.050982364,-0.10086577,0.13336031,0.053983595,0.9844424
6.337212708333368,1760560476.8304358,-0.11628567,0.5283909,0.04790814,-0.10371206,0.13438816,0.055329714,0.9839321
6.354715624999983,1760560476.8479385,-0.11986433,0.52787834,0.044796906,-0.10653151,0.13501956,0.056181397,0.983496
6.372273250000035,1760560476.8654962,-0.123310715,0.5274745,0.04162906,-0.10905205,0.13525121,0.056994714,0.98314106
6.403637500000002,1760560476.8968604,-0.12924209,0.5271745,0.03588833,-0.11197088,0.13580288,0.058574423,0.98264396
6.421468666666669,1760560476.9146917,-0.13251495,0.52724844,0.03262128,-0.112703614,0.13624765,0.05895256,0.982476
6.438286208333352,1760560476.9315093,-0.13549241,0.5274698,0.02955778,-0.112878494,0.13641848,0.05886209,0.9824377
6.454944666666677,1760560476.9481676,-0.13830353,0.5277677,0.026580296,-0.11290865,0.13616362,0.058592595,0.98248565
6.4723028333333446,1760560476.9655259,-0.14110416,0.5280783,0.023576414,-0.1131332,0.13557805,0.058189098,0.98256475
6.489706666666677,1760560476.9829297,-0.14379203,0.5283781,0.020673435,-0.11356541,0.1349168,0.05765069,0.98263764
6.509057125000027,1760560477.00228,-0.14664052,0.5287148,0.017549174,-0.11395556,0.13409014,0.056934632,0.9827474
6.526474083333312,1760560477.019697,-0.14901668,0.52896583,0.014861885,-0.11429785,0.13298316,0.056412753,0.98288816
6.5430390416666455,1760560477.036262,-0.15112036,0.5291183,0.01241185,-0.11476406,0.13158691,0.055999953,0.98304534
6.5603532499999915,1760560477.0535762,-0.15323916,0.52920103,0.009909926,-0.11543823,0.13002484,0.055433452,0.98320633
6.579507833333366,1760560477.0727308,-0.15551627,0.5292273,0.007199999,-0.11639382,0.12828349,0.054543752,0.98337215
6.596922750000033,1760560477.0901456,-0.15750296,0.5292029,0.0047878455,-0.11751,0.12660106,0.05388466,0.98349375
6.614308291666646,1760560477.1075313,-0.1593926,0.5291398,0.0024403688,-0.11891482,0.12481179,0.05330797,0.98358506
6.631748666666681,1760560477.1249716,-0.1612087,0.5290879,0.00024051033,-0.12023005,0.122883506,0.05270216,0.98370063
6.649562624999987,1760560477.1427855,-0.16296177,0.52905613,-0.0019080266,-0.12131435,0.12067681,0.052166052,0.98386925
6.667055916666698,1760560477.1602788,-0.164586,0.52901167,-0.004025383,-0.12230307,0.118353084,0.05176346,0.98405033
6.684370916666694,1760560477.177594,-0.16613337,0.52893853,-0.006119322,-0.1232897,0.11615593,0.051377382,0.9842092
6.701854249999997,1760560477.1950772,-0.16764483,0.52885973,-0.008237751,-0.12421693,0.11400214,0.051047307,0.9843616
6.719478374999994,1760560477.2127013,-0.169106,0.5287876,-0.01037549,-0.12500979,0.11182798,0.05076489,0.98452526
6.737002208333365,1760560477.230225,-0.17048353,0.5287216,-0.012445526,-0.12581865,0.10988614,0.05071465,0.98464346
6.754623208333328,1760560477.2478461,-0.1718099,0.52862483,-0.014427632,-0.12681207,0.10840991,0.050848983,0.9846727
6.772009708333314,1760560477.2652326,-0.17307046,0.5285004,-0.016286185,-0.12792411,0.10726758,0.050964203,0.98464805
6.789662625000005,1760560477.2828856,-0.17427202,0.5283222,-0.018056864,-0.12925273,0.10619387,0.05098984,0.9845896
6.807008541666676,1760560477.3002315,-0.17534018,0.5280322,-0.019648664,-0.1310897,0.105133235,0.05108171,0.98445576
6.824387708333347,1760560477.3176107,-0.17629999,0.5276672,-0.02113062,-0.13317503,0.104237825,0.051317744,0.9842588
6.842921375000003,1760560477.3361442,-0.17720221,0.5272893,-0.02259727,-0.13514309,0.103507765,0.051615365,0.984052
6.860349541666665,1760560477.3535726,-0.1779538,0.52694064,-0.023904363,-0.13667528,0.10295433,0.05176842,0.9838904
6.878216000000009,1760560477.371439,-0.17861882,0.52658856,-0.025178086,-0.13789387,0.10227845,0.051795293,0.98378944
6.895537291666699,1760560477.3887603,-0.17914155,0.5262852,-0.026355311,-0.13881896,0.101286724,0.05164757,0.9837697
6.916460916666665,1760560477.409684,-0.17965753,0.52602804,-0.027736187,-0.13945681,0.09992286,0.051211733,0.9838417
6.933901541666671,1760560477.4271245,-0.18001507,0.5260076,-0.028899338,-0.13919815,0.0987352,0.050744686,0.9840225
6.9512459166666645,1760560477.444469,-0.18028565,0.5261648,-0.030068584,-0.13828592,0.0975797,0.05042867,0.98428255
6.968720749999989,1760560477.4619436,-0.18048377,0.5264643,-0.031219574,-0.1368526,0.096557215,0.050303448,0.9845901
6.98575383333332,1760560477.4789767,-0.18061411,0.5268626,-0.032271557,-0.13513273,0.09572086,0.050449546,0.9849018
7.003252583333335,1760560477.4964755,-0.18067767,0.5273211,-0.033249132,-0.1333869,0.09494772,0.0507691,0.98519814
7.020938708333347,1760560477.5141616,-0.18069124,0.52778643,-0.034102164,-0.13190325,0.094332844,0.05120979,0.9854341
7.040493916666662,1760560477.533717,-0.18066762,0.52828187,-0.03487567,-0.13073628,0.094094224,0.05182132,0.98558044
7.057846791666691,1760560477.5510697,-0.18058962,0.52870035,-0.035469152,-0.13016617,0.094270974,0.052404914,0.9856082
7.075979749999988,1760560477.5692027,-0.18043718,0.5291204,-0.03600566,-0.1300174,0.0946154,0.05302371,0.9855617
7.093733708333332,1760560477.5869567,-0.18022779,0.52953345,-0.03643758,-0.12996484,0.095040426,0.053540573,0.9854998
7.1115100833333145,1760560477.604733,-0.17997295,0.52996546,-0.036792323,-0.1298273,0.09558173,0.053912442,0.9854453
7.128869666666674,1760560477.6220927,-0.1796936,0.5303884,-0.037091617,-0.12962036,0.09611311,0.05407528,0.98541194
7.146204958333328,1760560477.639428,-0.17935258,0.530813,-0.03734894,-0.1293739,0.09647801,0.054030742,0.9854111
7.163562541666693,1760560477.6567855,-0.1789187,0.531243,-0.037555136,-0.12908597,0.09657686,0.053842153,0.9854495
7.180894583333327,1760560477.6741176,-0.17840442,0.53168076,-0.03771574,-0.12867677,0.09653205,0.053678486,0.9855163
7.1982599166667,1760560477.6914828,-0.17782842,0.532118,-0.037824035,-0.12816301,0.09643973,0.053461622,0.98560417
7.215764541666658,1760560477.7089875,-0.17720065,0.5325555,-0.037868023,-0.12757589,0.096276134,0.053061027,0.98571795
7.233179500000006,1760560477.7264025,-0.17657186,0.5329852,-0.037875295,-0.12690368,0.0960202,0.052509207,0.9858592
7.250515458333325,1760560477.7437384,-0.17593192,0.53338325,-0.037857234,-0.1262221,0.095656626,0.05190198,0.9860142
7.267840958333352,1760560477.7610638,-0.17523378,0.53376055,-0.03779179,-0.1255538,0.095159784,0.05135052,0.98617643
7.285346458333322,1760560477.7785695,-0.17449135,0.53413415,-0.037692845,-0.12492512,0.094605744,0.050964538,0.9863296
7.302786791666676,1760560477.7960098,-0.1737225,0.5344973,-0.03753532,-0.12442686,0.09410929,0.05081205,0.98644793
7.320183125000028,1760560477.813406,-0.17291409,0.53485096,-0.037314087,-0.12395145,0.09366886,0.05069813,0.9865556
7.337674541666672,1760560477.8308976,-0.17203785,0.5351957,-0.03706489,-0.1235108,0.09308935,0.050473623,0.98667717
7.35504070833332,1760560477.8482637,-0.1710922,0.5355389,-0.036790103,-0.122966446,0.09226582,0.050113246,0.98684084
7.372426666666684,1760560477.8656497,-0.17008567,0.535912,-0.036492847,-0.122143514,0.09119548,0.049476035,0.98707473
7.389915791666681,1760560477.8831387,-0.16902937,0.5363716,-0.036214046,-0.1208919,0.08994559,0.04834838,0.9873993
7.407433958333343,1760560477.900657,-0.16792452,0.5369234,-0.035957716,-0.11934074,0.08833432,0.046646204,0.98781526
7.42477762499999,1760560477.9180005,-0.16678633,0.5375474,-0.035706118,-0.117596194,0.08649695,0.04506748,0.98826027
7.445208416666674,1760560477.9384313,-0.1654838,0.5384206,-0.03532435,-0.115058035,0.08460497,0.04387666,0.98877627
7.462580958333319,1760560477.9558039,-0.16448331,0.5391998,-0.034870673,-0.11294485,0.083721854,0.04323668,0.9891232
7.480029166666668,1760560477.973252,-0.16356325,0.5399609,-0.034284044,-0.111107916,0.08373936,0.042923484,0.9893434
7.497800583333344,1760560477.9910235,-0.16267274,0.54076093,-0.033585224,-0.10914054,0.084595986,0.042862605,0.9894921
7.515267458333312,1760560478.0084903,-0.16177645,0.541608,-0.03284591,-0.106814295,0.08625937,0.043110773,0.9895916
7.5327658749999955,1760560478.0259888,-0.16078189,0.5425035,-0.032104008,-0.104129225,0.088219956,0.04314459,0.9897035
7.550231291666648,1760560478.0434542,-0.15960702,0.5434261,-0.03135425,-0.10141824,0.08999341,0.042892743,0.9898362
7.567689250000001,1760560478.0609121,-0.15821365,0.5443405,-0.030558642,-0.099124216,0.09135517,0.042273365,0.9899705
7.5848839166666835,1760560478.0781069,-0.15665081,0.54519606,-0.029712074,-0.09725275,0.09226219,0.04118005,0.9901181
7.602515583333343,1760560478.0957386,-0.15488614,0.54603857,-0.028809302,-0.09530278,0.09293776,0.0398772,0.9902978
7.620588416666692,1760560478.1138113,-0.1529547,0.5469212,-0.027895682,-0.093019545,0.093615465,0.038884006,0.99049056
7.638049500000022,1760560478.1312726,-0.15104412,0.547849,-0.02707227,-0.09060898,0.09440476,0.038318273,0.99066114
7.655439333333334,1760560478.1486623,-0.14911424,0.54878664,-0.026240807,-0.088238366,0.09534174,0.037918366,0.99080074
7.672809291666681,1760560478.1660323,-0.14715402,0.5496442,-0.025269609,-0.08615562,0.09644497,0.03764789,0.9908876
7.690242083333317,1760560478.183465,-0.14517947,0.55041766,-0.02415764,-0.084159076,0.09776539,0.037553664,0.9909333
7.707572708333316,1760560478.2007957,-0.14322935,0.55115014,-0.022983085,-0.08194247,0.09935297,0.037601735,0.9909594
7.724952250000001,1760560478.2181752,-0.14126018,0.55184203,-0.021752708,-0.07942281,0.10120374,0.037727322,0.99097246
7.749067166666691,1760560478.24229,-0.13844109,0.5525726,-0.019933805,-0.07620647,0.103876,0.037997507,0.9909382
7.767653999999993,1760560478.260877,-0.1361719,0.5528606,-0.018420573,-0.074488916,0.105629444,0.037935957,0.9908858
7.78499687499999,1760560478.27822,-0.13398255,0.55290526,-0.016906135,-0.07368535,0.10684411,0.03741486,0.9908355
7.801786083333354,1760560478.2950091,-0.13180134,0.5527923,-0.015341278,-0.07372977,0.107655,0.03663103,0.9907737
7.819192708333333,1760560478.3124156,-0.12947468,0.55260736,-0.013617646,-0.07452215,0.108243786,0.035901867,0.99067694
7.836688374999994,1760560478.3299112,-0.12706867,0.55242985,-0.011809822,-0.075684346,0.108718306,0.035405967,0.9905547
7.854116125000019,1760560478.3473392,-0.12462077,0.5522901,-0.009949654,-0.076788604,0.1091114,0.035037197,0.9904396
7.871562333333316,1760560478.3647852,-0.12214555,0.5521871,-0.00802955,-0.0774906,0.10937072,0.034431916,0.99037755
7.897356624999986,1760560478.3905795,-0.118525505,0.55213577,-0.005082812,-0.07794836,0.10935203,0.032792684,0.99039936
7.913865125000029,1760560478.407088,-0.11628297,0.55219644,-0.0031509735,-0.07808289,0.109177396,0.03134633,0.99045485
7.931478041666651,1760560478.424701,-0.11399068,0.5523486,-0.0010675639,-0.078109115,0.1090059,0.02994425,0.99051505
7.949309083333333,1760560478.442532,-0.11178757,0.5525826,0.0010416247,-0.07790451,0.10898519,0.028973004,0.9905623
7.967349291666665,1760560478.4605722,-0.10967769,0.552883,0.003148267,-0.07749006,0.10905489,0.028309202,0.99060637
7.984717083333351,1760560478.47794,-0.107761815,0.55319923,0.005130073,-0.07694847,0.1090747,0.02780567,0.9906606
8.00216929166669,1760560478.4953923,-0.10594276,0.55351293,0.007065311,-0.076443374,0.10904883,0.02749706,0.9907112
8.019956708333325,1760560478.5131798,-0.10419075,0.5538074,0.008983068,-0.0760385,0.10903655,0.02739229,0.9907466
8.037372333333337,1760560478.5305953,-0.10256999,0.55410385,0.01078357,-0.07574133,0.10902955,0.027238661,0.9907744
8.062500666666665,1760560478.5557237,-0.10038474,0.5545588,0.013291959,-0.07534792,0.10914393,0.026935745,0.9908
8.08153895833334,1760560478.5747619,-0.09884183,0.5548441,0.015193576,-0.07496837,0.1094995,0.026787825,0.99079365
8.102478541666699,1760560478.5957015,-0.097241655,0.55505246,0.017299607,-0.07452439,0.11022953,0.026679078,0.9907491
8.119713166666656,1760560478.612936,-0.095995545,0.5551642,0.019011054,-0.074137695,0.11104915,0.0266918,0.99068624
8.13692183333336,1760560478.6301448,-0.0947966,0.5552329,0.020684486,-0.07379289,0.111987814,0.026689496,0.99060637
8.153708499999993,1760560478.6469314,-0.09365225,0.5552613,0.022287782,-0.07350656,0.1129028,0.02660418,0.9905261
8.171306833333347,1760560478.6645298,-0.09247598,0.55527824,0.023913777,-0.07326001,0.11380641,0.026424667,0.9904458
8.188524125000015,1760560478.681747,-0.09135054,0.5553079,0.025417285,-0.072879225,0.11461247,0.026219262,0.99038637
8.20628687499999,1760560478.6995099,-0.090221494,0.55536425,0.026861215,-0.07224771,0.11535679,0.026121788,0.9903488
8.224112166666657,1760560478.7173352,-0.089113206,0.5554158,0.028218025,-0.07149299,0.116047055,0.026182124,0.99032134
8.251873750000016,1760560478.7450967,-0.087498605,0.5554604,0.030102998,-0.07113951,0.11700605,0.026382968,0.9902286
8.269312458333332,1760560478.7625353,-0.08652352,0.5554561,0.03121567,-0.071471736,0.11750063,0.026339345,0.9901473
8.285805125000024,1760560478.7790282,-0.08562344,0.55547285,0.032232612,-0.0717599,0.117803454,0.026215443,0.99009377
8.303488375000029,1760560478.7967114,-0.08468495,0.5555553,0.033262115,-0.07179014,0.11793966,0.02601965,0.9900805
8.320109000000002,1760560478.8133318,-0.08381604,0.55568147,0.034171235,-0.07159785,0.117900886,0.0259145,0.9901018
8.337551333333352,1760560478.8307743,-0.08290093,0.55581945,0.035092868,-0.07140169,0.11779493,0.026115803,0.99012333
8.354937250000035,1760560478.8481603,-0.08198392,0.55593175,0.036022242,-0.07146268,0.11771739,0.026697166,0.99011254
8.37239520833333,1760560478.8656182,-0.08105325,0.5560196,0.03698624,-0.071710534,0.117779486,0.02741386,0.9900677
8.389804791666677,1760560478.8830278,-0.08011557,0.5561089,0.037976813,-0.07185385,0.11797009,0.028020622,0.99001765
8.407163291666677,1760560478.9003863,-0.07916887,0.5562147,0.03898342,-0.07174047,0.11830617,0.028367434,0.98997587
8.424555166666664,1760560478.917778,-0.07820672,0.5563282,0.04001601,-0.07149479,0.118772104,0.028471623,0.98993486
8.449845625000023,1760560478.9430685,-0.07676172,0.556402,0.041668385,-0.07145344,0.11962816,0.028312545,0.9898393
8.468376541666657,1760560478.9615996,-0.07565288,0.5563907,0.042971686,-0.071595706,0.12027006,0.028011722,0.9897598
8.490274124999985,1760560478.9834971,-0.07427414,0.5563346,0.044586405,-0.07172709,0.12093437,0.02760693,0.98968077
8.507654041666683,1760560479.000877,-0.073124774,0.55622,0.04595237,-0.07215508,0.12134042,0.027312433,0.9896081
8.525073708333366,1760560479.0182967,-0.071923524,0.5560723,0.047416054,-0.07316266,0.12163105,0.0271782,0.98950213
8.549386000000027,1760560479.042609,-0.07013689,0.55584973,0.04957693,-0.07542815,0.12186069,0.027182989,0.98930365
8.568559666666658,1760560479.0617826,-0.06864123,0.5557079,0.051290214,-0.07736484,0.12184449,0.026990864,0.9891613
8.587574041666699,1760560479.080797,-0.06709275,0.5556069,0.05297474,-0.07921432,0.1216243,0.026528362,0.98905456
8.606276791666687,1760560479.0994997,-0.06550571,0.5554994,0.05464477,-0.08138093,0.121316716,0.025932765,0.9889322
8.625212791666684,1760560479.1184359,-0.063820474,0.5552695,0.0564017,-0.08433449,0.1211278,0.025297927,0.9887243
8.649657250000018,1760560479.1428802,-0.06159012,0.5547907,0.058859177,-0.08892315,0.1210375,0.02471565,0.988348
8.668200124999998,1760560479.161423,-0.059822757,0.55446213,0.060785078,-0.09214562,0.12104568,0.02433934,0.98806113
8.685606208333354,1760560479.1788292,-0.058078427,0.5541795,0.06257254,-0.09483427,0.12108544,0.02386841,0.9878133
8.703392666666673,1760560479.1966157,-0.056218714,0.5537768,0.064366706,-0.09769537,0.12114525,0.023288669,0.9875409
8.719767708333336,1760560479.2129908,-0.054451544,0.55319846,0.06598411,-0.100785926,0.1211782,0.02266418,0.9872408
8.737561083333333,1760560479.230784,-0.05249633,0.55236983,0.06770749,-0.10474717,0.121159576,0.021862568,0.9868488
8.755078749999996,1760560479.2483017,-0.05056294,0.55141205,0.06932333,-0.10926389,0.12115632,0.021013403,0.9863777
8.772467166666672,1760560479.26569,-0.048659213,0.55032545,0.070801035,-0.1143531,0.121325046,0.020343725,0.985794
8.789890208333361,1760560479.2831132,-0.04678591,0.54907644,0.07213269,-0.120003134,0.12168814,0.01996882,0.985085
8.814476624999998,1760560479.3076997,-0.044244904,0.54709774,0.07372102,-0.1284447,0.12230536,0.019899102,0.98394483
8.834122416666673,1760560479.3273454,-0.042284578,0.54552203,0.074754745,-0.13452022,0.1225446,0.019783212,0.9831052
8.852341333333356,1760560479.3455644,-0.040542137,0.54416907,0.07554874,-0.13945924,0.122369476,0.019263959,0.9824488
8.869884458333331,1760560479.3631074,-0.038953517,0.54291886,0.07619921,-0.14382634,0.12192627,0.018551907,0.9818879
8.887419500000021,1760560479.3806424,-0.03745108,0.5416697,0.07680632,-0.14811744,0.121401794,0.01807158,0.9813238
8.904823208333312,1760560479.3980463,-0.036056392,0.54043186,0.077418275,-0.15254982,0.12106604,0.017849304,0.98069006
8.92296141666668,1760560479.4161844,-0.0347382,0.53913784,0.07814556,-0.15743992,0.12112974,0.017801456,0.9799099
8.947299166666653,1760560479.4405222,-0.03312586,0.53736,0.07931783,-0.16451918,0.12196794,0.018095132,0.97863674
8.963936916666682,1760560479.4571598,-0.032077592,0.5361418,0.08021626,-0.1693984,0.12293145,0.018402256,0.9776776
8.985169958333358,1760560479.4783928,-0.030787755,0.53468263,0.08140382,-0.17523275,0.124279216,0.018648652,0.97647345
9.003515333333326,1760560479.4967382,-0.029708333,0.53355336,0.08244758,-0.17976576,0.12527446,0.018597605,0.9755228
9.020885833333352,1760560479.514109,-0.028722879,0.5326094,0.0834653,-0.18362072,0.12598786,0.01834972,0.97471726
9.038348250000013,1760560479.5315711,-0.027799454,0.53183943,0.08449584,-0.18685664,0.1265311,0.017855478,0.9740409
9.056357375000005,1760560479.5495803,-0.026945379,0.5312769,0.08549426,-0.18929012,0.1270524,0.017278401,0.9735134
9.081257916666686,1760560479.5744808,-0.025880761,0.5307716,0.08671579,-0.1915665,0.12788701,0.017190004,0.9729603
9.09936854166665,1760560479.5925915,-0.025166772,0.53045285,0.087621786,-0.19327253,0.1285951,0.017610451,0.97252196
9.115939249999997,1760560479.609162,-0.024551008,0.5301639,0.088499814,-0.19502057,0.12937094,0.018305866,0.9720571
9.134169374999999,1760560479.6273923,-0.02394097,0.52988565,0.08959105,-0.19688089,0.13050763,0.01937558,0.9715093
9.152051666666694,1760560479.6452746,-0.023420665,0.52966,0.090709805,-0.19856575,0.13202435,0.020574898,0.9709366
9.169557750000024,1760560479.6627808,-0.022996288,0.529513,0.091740325,-0.1999378,0.13393483,0.021592943,0.9703711
9.187001666666674,1760560479.6802247,-0.022672977,0.5294538,0.09268756,-0.20102991,0.13613245,0.022121906,0.9698276
9.204659375000006,1760560479.6978824,-0.022436488,0.5294889,0.09356175,-0.20191188,0.13846743,0.02216294,0.9693127
9.222915666666665,1760560479.7161386,-0.02226026,0.5296401,0.094355695,-0.20246463,0.14089644,0.021961687,0.96885186
9.252404249999984,1760560479.7456272,-0.022003014,0.53013706,0.095261596,-0.2019825,0.14458539,0.02134759,0.96842265
9.269849583333325,1760560479.7630725,-0.021884598,0.5305872,0.09563345,-0.20076977,0.14648677,0.02070758,0.968403
9.287395500000002,1760560479.7806184,-0.021778204,0.5311373,0.09592745,-0.19890971,0.14793068,0.019817874,0.9685859
9.304938833333324,1760560479.7981617,-0.021646325,0.53179634,0.09614523,-0.19631077,0.1488165,0.018885268,0.96899897
9.323214166666673,1760560479.816437,-0.021475844,0.5326628,0.096272,-0.19255279,0.1491876,0.017962579,0.96971333
9.340386333333356,1760560479.8336093,-0.02130432,0.5336332,0.096285574,-0.18805902,0.14918797,0.017074918,0.97061074
9.357929875000025,1760560479.851153,-0.021122053,0.53468484,0.096228704,-0.18298252,0.14899753,0.016125029,0.971626
9.387322833333315,1760560479.8805459,-0.020731103,0.5362684,0.09618414,-0.17525497,0.14839138,0.014939706,0.97316104
9.40500266666669,1760560479.8982255,-0.020410035,0.5369883,0.09625591,-0.1717282,0.14789215,0.014837425,0.9738671
9.421785250000028,1760560479.9150083,-0.020055763,0.53753996,0.09636928,-0.16893151,0.14734207,0.01506072,0.97443604
9.439455333333342,1760560479.9326782,-0.019620135,0.5380595,0.09654783,-0.16626352,0.14665255,0.015272307,0.9749955
9.45704116666667,1760560479.9502642,-0.019119967,0.53849584,0.09683602,-0.16408734,0.14584121,0.015409349,0.9754836
9.474450208333337,1760560479.967673,-0.018590022,0.5388522,0.097220846,-0.16247141,0.14490531,0.015411602,0.97589344
9.492384166666682,1760560479.9856071,-0.018034432,0.539212,0.09768094,-0.16091822,0.1438191,0.0151651325,0.9763152
9.510814666666647,1760560480.0040376,-0.017466016,0.5396212,0.0981756,-0.15914515,0.14255065,0.014651279,0.9767996
9.528305708333335,1760560480.0215287,-0.016924262,0.540054,0.09865924,-0.15736794,0.14121951,0.0141617935,0.977288
9.550555291666683,1760560480.0437782,-0.016260892,0.5406492,0.099277794,-0.15517366,0.13949944,0.013700344,0.9778923
9.568124541666691,1760560480.0613475,-0.015788086,0.5411546,0.09975749,-0.15330519,0.1381889,0.013377737,0.9783774
9.585608958333353,1760560480.078832,-0.0153699815,0.5417256,0.10021721,-0.1512598,0.13695572,0.013043255,0.97887355
9.603184708333345,1760560480.0964077,-0.015007421,0.54238635,0.10065498,-0.148938,0.13587102,0.012710781,0.979385
9.627386750000028,1760560480.1206098,-0.014621478,0.54341507,0.101209514,-0.14537902,0.13478866,0.01220373,0.98007554
9.650124208333352,1760560480.1433473,-0.014403157,0.54441416,0.101774625,-0.14173722,0.13425933,0.011690041,0.9806877
9.667869333333329,1760560480.1610923,-0.014321886,0.5451831,0.10222433,-0.13883321,0.13408768,0.011137842,0.9811329
9.686781333333329,1760560480.1800044,-0.01429401,0.54593337,0.10270576,-0.13595836,0.13400981,0.010466305,0.98155344
9.704533249999997,1760560480.1977563,-0.014303792,0.54655534,0.103179514,-0.13358438,0.1339888,0.009888858,0.9818882
9.722109291666698,1760560480.2153323,-0.014333278,0.5471308,0.10366605,-0.13112544,0.13405766,0.009482982,0.9822142
9.739777916666696,1760560480.2330008,-0.014375582,0.5477298,0.10413555,-0.12832303,0.1342392,0.009324244,0.982561
9.763994291666677,1760560480.2572172,-0.014438093,0.54845756,0.10477564,-0.12479675,0.13471839,0.009468389,0.9829482
9.784350375000031,1760560480.2775733,-0.014458634,0.54888064,0.105348594,-0.12265285,0.13519275,0.009902859,0.9831486
9.802945541666645,1760560480.2961686,-0.014452893,0.54918814,0.10583226,-0.12101164,0.13562399,0.010334048,0.9832881
9.819304166666655,1760560480.3125272,-0.0144425705,0.5494648,0.106208734,-0.119490124,0.13605048,0.010661262,0.9834118
9.83675925,1760560480.3299823,-0.014409814,0.5497449,0.1065938,-0.117824085,0.13652712,0.010890201,0.98354423
9.854117291666682,1760560480.3473403,-0.014359254,0.55000746,0.106944405,-0.11624437,0.1369719,0.011069819,0.9836684
9.87177516666668,1760560480.364998,-0.014284283,0.55026835,0.10726561,-0.11469277,0.13734753,0.011260058,0.98379594
9.889278916666683,1760560480.3825018,-0.01419552,0.55054945,0.1075433,-0.11308242,0.13762754,0.011399246,0.9839416
9.906616125000028,1760560480.3998392,-0.014099464,0.5508859,0.107786596,-0.11126025,0.13782044,0.011379605,0.9841225
9.923520166666663,1760560480.416743,-0.014021408,0.5512612,0.10795419,-0.10930625,0.13789783,0.011170923,0.98433304
9.947821874999988,1760560480.4410448,-0.013934441,0.5518016,0.10814363,-0.106542245,0.1379706,0.0109176785,0.9846287
9.965236958333321,1760560480.4584599,-0.013890706,0.55216444,0.10831433,-0.10479981,0.1381013,0.010858412,0.984798
9.983686750000004,1760560480.4769096,-0.013874419,0.5525442,0.10849505,-0.103116386,0.13831195,0.010838673,0.98494637
10.000989875000016,1760560480.4942129,-0.013894159,0.55291635,0.108604565,-0.10136167,0.13847345,0.010643103,0.9851079
10.020014375000017,1760560480.5132372,-0.013940301,0.55333763,0.10866009,-0.09933614,0.13857287,0.010406106,0.9853028
10.037402999999983,1760560480.530626,-0.01397571,0.55366117,0.10866869,-0.09792614,0.13857147,0.010310736,0.98544514
10.055130875000032,1760560480.548354,-0.014001921,0.553874,0.10865764,-0.09711352,0.13842247,0.01036045,0.98554593
10.072500458333366,1760560480.5657234,-0.014009383,0.5539586,0.10865109,-0.096823394,0.13812526,0.01041468,0.9856156
10.089939541666695,1760560480.5831625,-0.014005944,0.5539616,0.108628854,-0.09677322,0.13768154,0.010473246,0.985682
10.107580833333316,1760560480.6008039,-0.013995875,0.55392104,0.10858909,-0.09680146,0.13716958,0.010544191,0.9857499
10.125094791666697,1760560480.6183178,-0.013979062,0.55383253,0.10855102,-0.096997194,0.13665153,0.010628948,0.98580164
10.151659875000007,1760560480.644883,-0.013951737,0.5536654,0.10853611,-0.097468786,0.13596968,0.010697257,0.9858487
10.169089041666666,1760560480.662312,-0.013947789,0.5536202,0.10853523,-0.09753748,0.13563517,0.010591252,0.98588914
10.185784333333345,1760560480.6790073,-0.013947245,0.5536473,0.108514294,-0.09731559,0.13537678,0.010555665,0.98594695
10.203386458333341,1760560480.6966095,-0.013940416,0.55372155,0.10847945,-0.09689429,0.13512811,0.010607957,0.986022
10.22077862499998,1760560480.7140017,-0.013932176,0.5537716,0.10847432,-0.096658066,0.13493763,0.010612996,0.9860712
10.23821454166665,1760560480.7314374,-0.013918582,0.553768,0.10850397,-0.096748784,0.13479432,0.010643667,0.9860816
10.256424791666689,1760560480.7496479,-0.013900515,0.55377215,0.10853033,-0.09679403,0.13464354,0.010704198,0.9860971
10.274250458333313,1760560480.7674735,-0.013891075,0.55382687,0.108523145,-0.09653503,0.13454077,0.010724373,0.98613626
10.290939166666647,1760560480.784162,-0.013885237,0.5538962,0.10850455,-0.096221305,0.13450435,0.0107248,0.9861719
10.316902958333344,1760560480.8101258,-0.013844352,0.55390847,0.1085108,-0.09614494,0.1343925,0.010773405,0.9861941
10.33495829166668,1760560480.8281813,-0.013798013,0.5538264,0.10855614,-0.09651316,0.13419208,0.010759023,0.98618555
10.352462083333364,1760560480.845685,-0.013751358,0.5536842,0.10862162,-0.09716109,0.13387205,0.010707633,0.986166
10.369911624999986,1760560480.8631346,-0.013707317,0.5535351,0.10866719,-0.097835444,0.13350746,0.010687244,0.986149
10.387931874999992,1760560480.8811548,-0.013674557,0.5534392,0.10867731,-0.09819939,0.13310371,0.010641574,0.98616785
10.405353833333322,1760560480.8985767,-0.013663322,0.5534264,0.10865265,-0.09819541,0.13276042,0.010527357,0.9862158
10.422882416666653,1760560480.9161053,-0.01367696,0.5534864,0.10861172,-0.097892046,0.13253792,0.010405501,0.9862771
10.444658875000016,1760560480.9378817,-0.0137504,0.5536018,0.10855868,-0.09735142,0.13252449,0.010195366,0.9863346
10.462130958333319,1760560480.955354,-0.0138390735,0.5536669,0.10854126,-0.09710291,0.13262512,0.01005513,0.986347
10.48645562500002,1760560480.9796786,-0.013962306,0.5536713,0.108552694,-0.097137064,0.1327905,0.009994951,0.98632205
10.504060666666646,1760560480.9972837,-0.014055278,0.5536473,0.10855414,-0.09722449,0.13290063,0.010063946,0.9862979
10.521439583333347,1760560481.0146625,-0.014157839,0.5536261,0.10853806,-0.097287774,0.13299769,0.010193221,0.9862772
10.53905387499998,1760560481.0322769,-0.014265895,0.55359536,0.10851607,-0.09738827,0.13307384,0.0103735905,0.98625517
10.556624375000013,1760560481.0498474,-0.01436989,0.5535404,0.10850438,-0.09757858,0.13313448,0.0106128445,0.9862256
10.574409708333349,1760560481.0676327,-0.014476977,0.55348134,0.10848948,-0.097792044,0.13320726,0.010903757,0.9861915
10.591825416666666,1760560481.0850484,-0.0145860985,0.5534363,0.10846343,-0.0979831,0.13331395,0.01113757,0.9861555
10.616348500000015,1760560481.1095715,-0.014739007,0.55340135,0.10840578,-0.09811725,0.13348393,0.011360317,0.9861166
10.634063833333357,1760560481.1272867,-0.014859118,0.5533914,0.10835799,-0.098172,0.13360976,0.011464638,0.9860929
10.6525275416667,1760560481.1457505,-0.014990643,0.55339193,0.108309425,-0.098171614,0.13375172,0.011577968,0.98607236
10.669884958333341,1760560481.1631079,-0.0151010305,0.55338633,0.108263545,-0.09815816,0.13387808,0.011663326,0.98605555
10.687265708333314,1760560481.1804886,-0.015190877,0.5533682,0.1082326,-0.09816588,0.13393225,0.011725056,0.98604673
10.704842958333359,1760560481.198066,-0.015289694,0.55334485,0.108223125,-0.09821379,0.13391444,0.011784556,0.9860437
10.722882958333344,1760560481.216106,-0.015369404,0.5533391,0.10821669,-0.0982751,0.13379833,0.011805722,0.9860531
10.74771154166666,1760560481.2409346,-0.015460834,0.55338156,0.10818559,-0.09814504,0.13353726,0.01187708,0.98610055
10.765150291666657,1760560481.2583733,-0.015515666,0.55344397,0.10814204,-0.09791722,0.13332881,0.011832316,0.98615193
10.786776083333336,1760560481.279999,-0.015577201,0.55351293,0.10808657,-0.097626135,0.13312382,0.011791575,0.986209
10.804365208333365,1760560481.297588,-0.015609134,0.5535229,0.10804487,-0.09756072,0.13302,0.0118286265,0.986229
10.821710499999995,1760560481.3149335,-0.015628587,0.5534977,0.108005926,-0.097644344,0.13291897,0.011837603,0.98623425
10.839241041666696,1760560481.332464,-0.015666384,0.55344105,0.10798057,-0.097883396,0.13282828,0.011664324,0.98622483
10.856630124999981,1760560481.349853,-0.01571941,0.5533622,0.10797274,-0.09823805,0.13272491,0.0113743665,0.9862069
10.874110416666667,1760560481.3673334,-0.015760958,0.553276,0.10796754,-0.09865088,0.1325863,0.011115239,0.9861872
10.891602416666672,1760560481.3848255,-0.015791558,0.5531998,0.10796419,-0.09899345,0.13238075,0.010882086,0.98618317
10.917602625000029,1760560481.4108255,-0.01582034,0.5531351,0.107951924,-0.099250376,0.13198878,0.010687173,0.986212
10.935058374999983,1760560481.4282813,-0.015828554,0.5531174,0.10793811,-0.09931911,0.13168806,0.010599505,0.9862462
10.95259900000002,1760560481.445822,-0.01583993,0.55310404,0.107929185,-0.09942714,0.13139421,0.010506405,0.98627555
10.970028041666694,1760560481.4632509,-0.015869435,0.5530783,0.107933395,-0.099646375,0.13113637,0.010407149,0.9862887
10.98751116666665,1760560481.480734,-0.015923698,0.5530285,0.107950665,-0.09996571,0.13096051,0.010319516,0.98628074
11.004956916666686,1760560481.49818,-0.016015355,0.5529289,0.107989535,-0.10052627,0.1309202,0.010262082,0.9862297
11.022908333333362,1760560481.5161314,-0.01616551,0.5527388,0.10806468,-0.10156906,0.13110535,0.010189545,0.98609906
11.040277541666683,1760560481.5335004,-0.016381275,0.55243677,0.10816598,-0.10323925,0.13152464,0.010118944,0.9858704
11.057781416666671,1760560481.5510044,-0.016675234,0.55200154,0.10828851,-0.10570085,0.13217549,0.01008928,0.98552275
11.076550124999983,1760560481.569773,-0.017083813,0.55136687,0.1084494,-0.10924022,0.1331192,0.010102033,0.98500955
11.093926041666691,1760560481.587149,-0.01754558,0.55058444,0.10862537,-0.11340014,0.13439259,0.0103458585,0.9843638
11.116181125000026,1760560481.609404,-0.018262535,0.54927564,0.108908996,-0.12008293,0.13689925,0.011316917,0.98321444
11.136578125000028,1760560481.629801,-0.019056346,0.5477709,0.10921277,-0.12754823,0.14027913,0.012535525,0.9817821
11.153979541666672,1760560481.6472025,-0.019858029,0.5462688,0.109544724,-0.13488965,0.14399081,0.013270037,0.9802527
11.171454458333358,1760560481.6646774,-0.020769272,0.54458153,0.10998357,-0.14307612,0.14843398,0.013549587,0.9784237
11.189829125000017,1760560481.683052,-0.02180817,0.5426456,0.11054989,-0.15225069,0.15367024,0.013415883,0.9762301
11.207557541666688,1760560481.7007804,-0.02285194,0.5406876,0.1111663,-0.16139582,0.1590583,0.013142013,0.97389895
11.224671916666694,1760560481.7178948,-0.023867741,0.5388173,0.11178372,-0.17006679,0.16443396,0.012995823,0.97152966
11.251531416666694,1760560481.7447543,-0.025343463,0.5361256,0.112618774,-0.18219964,0.17277867,0.012873511,0.9678766
11.269371750000005,1760560481.7625947,-0.026252955,0.5346233,0.11305601,-0.18893604,0.17779547,0.012654495,0.9656769
11.286779291666676,1760560481.7800024,-0.027060203,0.5333808,0.113389425,-0.19446193,0.18200302,0.012554633,0.96379554
11.304302083333369,1760560481.797525,-0.027770244,0.53230673,0.113633975,-0.19912219,0.18545356,0.012720719,0.9621827
11.321114083333327,1760560481.814337,-0.02837142,0.5314114,0.11379714,-0.20288183,0.18796723,0.0131081985,0.96090347
11.339010458333348,1760560481.8322334,-0.028929107,0.5305975,0.113887616,-0.20626181,0.18974903,0.013571523,0.95982665
11.356266041666686,1760560481.849489,-0.029375449,0.5299239,0.11388849,-0.20911884,0.19062647,0.013975079,0.9590284
11.37375666666668,1760560481.8669796,-0.029735643,0.5293134,0.113832735,-0.21173526,0.19080926,0.014390423,0.95841163
11.39182658333334,1760560481.8850496,-0.030018631,0.5287375,0.11374239,-0.21420723,0.19049987,0.014986189,0.95791465
11.413990833333344,1760560481.9072137,-0.030268379,0.5281129,0.11356648,-0.21677603,0.18973044,0.01593729,0.95747405
11.431455874999983,1760560481.9246788,-0.030383121,0.52773994,0.11334205,-0.21834758,0.18882322,0.016687104,0.95728344
11.451284750000013,1760560481.9445076,-0.030434702,0.52739847,0.11301203,-0.21984123,0.18740298,0.01729142,0.95721
11.468645874999993,1760560481.9618688,-0.030414753,0.5270842,0.11272226,-0.22119483,0.18590167,0.017602116,0.95718527
11.489335041666664,1760560481.982558,-0.030313246,0.52667457,0.11241051,-0.22295824,0.18398902,0.017859487,0.95714086
11.506708333333336,1760560481.9999313,-0.030177768,0.52634597,0.11214006,-0.22428681,0.18239741,0.017973104,0.957133
11.52426324999999,1760560482.017486,-0.029995799,0.5260487,0.11181526,-0.22532722,0.18080601,0.017950881,0.957191
11.550914750000004,1760560482.0441377,-0.029636126,0.5256175,0.11130842,-0.22677776,0.17823227,0.017487975,0.9573397
11.568492666666657,1760560482.0617156,-0.029350765,0.5253164,0.11101691,-0.22788556,0.17643404,0.016959054,0.9574192
11.585745291666683,1760560482.0789683,-0.029037498,0.5250106,0.110766165,-0.22907759,0.17469725,0.016575035,0.95746
11.603187041666672,1760560482.09641,-0.028699324,0.52469605,0.11053559,-0.23026124,0.17315625,0.016546233,0.9574565
11.620265125000003,1760560482.113488,-0.028361227,0.524383,0.11032282,-0.2313288,0.17199133,0.016882993,0.95740324
11.637962500000015,1760560482.1311855,-0.027946357,0.52404076,0.11007873,-0.23235619,0.1712395,0.017484507,0.9572784
11.655366749999985,1760560482.1485896,-0.02748862,0.5236799,0.109849624,-0.23341344,0.17092744,0.01818783,0.95706385
11.67282425000002,1760560482.166047,-0.027044889,0.52330214,0.109685995,-0.23465185,0.1709032,0.018704731,0.95675534
11.690652333333333,1760560482.1838753,-0.026620947,0.52293617,0.10956763,-0.2359951,0.17087458,0.018696088,0.9564302
11.708217291666699,1760560482.2014403,-0.026238669,0.5226487,0.10945133,-0.23711921,0.17063773,0.018142823,0.95620507
11.730216416666678,1760560482.2234395,-0.025844127,0.522433,0.109263584,-0.23805025,0.17008452,0.017262865,0.95608854
11.74761804166667,1760560482.240841,-0.025586031,0.52236384,0.10910403,-0.23855613,0.16955552,0.016782954,0.956065
11.763995708333368,1760560482.2572186,-0.025390387,0.52235824,0.10895185,-0.23889196,0.16909139,0.016586766,0.9560667
11.783063874999982,1760560482.2762868,-0.02524247,0.5224075,0.10874977,-0.23897293,0.16864401,0.016500382,0.95612705
11.802661041666681,1760560482.295884,-0.02519986,0.5225006,0.10850222,-0.23872955,0.16825467,0.016300902,0.95625985
11.81988124999998,1760560482.3131042,-0.025238987,0.5225776,0.108281545,-0.2384716,0.16802843,0.016194416,0.9563658
11.836843416666682,1760560482.3300664,-0.025403317,0.52260125,0.10811005,-0.23844261,0.1679542,0.016218215,0.9563857
11.854270250000013,1760560482.3474932,-0.025656868,0.5225301,0.108049706,-0.23882292,0.16803114,0.016319962,0.95627546
11.871888166666679,1760560482.365111,-0.025918882,0.5223685,0.10812896,-0.23949789,0.16824074,0.016371787,0.95606893
11.88936375000003,1760560482.3825867,-0.026167277,0.5221913,0.1082993,-0.24012943,0.16848801,0.016390586,0.95586663
11.9067771666667,1760560482.4,-0.02638032,0.5220407,0.10853492,-0.24058017,0.16869847,0.016456623,0.955715
11.92415354166667,1760560482.4173765,-0.026533332,0.52194005,0.10886778,-0.24099989,0.16885874,0.016557252,0.9555792
11.950409791666686,1760560482.4436328,-0.026684951,0.52194303,0.10941873,-0.24143441,0.16909881,0.016682783,0.9554249
11.968114541666694,1760560482.4613376,-0.026766866,0.52210534,0.1096784,-0.24114847,0.16929276,0.016862284,0.9554596
11.987533583333345,1760560482.4807565,-0.02682915,0.52240884,0.10979691,-0.24013308,0.1696347,0.01715448,0.9556495
12.005112250000025,1760560482.4983351,-0.026844997,0.52271867,0.109786265,-0.23890272,0.16997112,0.01745602,0.95589256
12.02309683333334,1760560482.5163198,-0.02680207,0.52297956,0.10969749,-0.23775004,0.170258,0.017732142,0.95612377
12.039925291666691,1760560482.5331483,-0.026626687,0.52309906,0.10958557,-0.23699166,0.17035848,0.017820641,0.9562925
12.057383125000001,1760560482.550606,-0.026303641,0.52307653,0.10947817,-0.23672268,0.17023414,0.017792083,0.9563818
12.085310041666673,1760560482.578533,-0.025680799,0.522745,0.1093971,-0.23755316,0.16947162,0.017648479,0.95631397
12.102827333333323,1760560482.5960503,-0.025265545,0.5224162,0.10941238,-0.23872864,0.16871709,0.017530002,0.95615685
12.120696916666645,1760560482.61392,-0.024848461,0.52208054,0.109447986,-0.24008295,0.16776164,0.017284438,0.9559904
12.139353749999998,1760560482.6325767,-0.02446153,0.52182114,0.10942476,-0.24118102,0.16660202,0.016936362,0.95592296
12.156680791666702,1760560482.6499038,-0.024173107,0.52169174,0.109311014,-0.2417685,0.16544276,0.016661106,0.95598066
12.174115208333319,1760560482.6673381,-0.023953494,0.5216309,0.10915149,-0.24212624,0.16426428,0.01639667,0.95609796
12.191090833333362,1760560482.6843138,-0.0238153,0.5216104,0.10899537,-0.24236618,0.163222,0.016210116,0.95621884
12.208813041666701,1760560482.702036,-0.023748819,0.5216134,0.10885582,-0.24246094,0.16238241,0.01609728,0.95633966
12.22620516666666,1760560482.719428,-0.02375947,0.5216366,0.10875207,-0.24233583,0.16184364,0.016032051,0.95646375
12.245166041666664,1760560482.738389,-0.023850929,0.5217014,0.10869993,-0.24200755,0.16148159,0.015850428,0.9566111
12.26253591666665,1760560482.7557588,-0.023989376,0.5217871,0.108688794,-0.24162523,0.16119802,0.015494743,0.9567614
12.285806125000022,1760560482.7790291,-0.024213161,0.5219075,0.10870751,-0.24113314,0.16073556,0.015040258,0.9569706
12.30314391666667,1760560482.796367,-0.024376832,0.52200836,0.10876692,-0.24076065,0.160452,0.014964023,0.95711315
12.320561375000011,1760560482.8137844,-0.024488445,0.5221694,0.10887094,-0.24026017,0.1602954,0.015095262,0.95726305
12.338259791666701,1760560482.8314826,-0.024565049,0.5224393,0.10895277,-0.23931734,0.16024628,0.015331878,0.9575037
12.35632420833332,1760560482.8495471,-0.024633233,0.5228604,0.108918145,-0.23755032,0.1602663,0.015633047,0.9579354
12.373637374999987,1760560482.8668604,-0.024676602,0.52341557,0.10873422,-0.23496258,0.16023877,0.015759468,0.9585759
12.39105116666667,1760560482.884274,-0.024676722,0.5240962,0.1084141,-0.23166688,0.16000974,0.015605211,0.9594185
12.42496141666669,1760560482.9181843,-0.024448104,0.52564114,0.10766505,-0.22426611,0.1585927,0.01460471,0.9614259
12.445122708333315,1760560482.9383457,-0.024074689,0.5266423,0.10723558,-0.21958166,0.15710852,0.013777362,0.9627622
12.462483125000006,1760560482.9557061,-0.023624755,0.5275649,0.106886715,-0.21520801,0.15565702,0.013298718,0.96399146
12.485548833333326,1760560482.9787717,-0.022984378,0.5289822,0.10643363,-0.20846805,0.15371178,0.012980317,0.9657874
12.502915874999985,1760560482.9961388,-0.02249809,0.530208,0.10608383,-0.20269364,0.15225603,0.01259443,0.9672511
12.546362416666682,1760560483.0395854,-0.021137796,0.533703,0.10542161,-0.1868278,0.14841951,0.010548701,0.9710591
12.567074750000018,1760560483.0602977,-0.020477202,0.5354942,0.10521184,-0.17897777,0.14659984,0.009429494,0.972824
12.58516587500003,1760560483.078389,-0.01993255,0.5370582,0.10507095,-0.17222999,0.1451695,0.008455379,0.97426444
12.602245374999995,1760560483.0954683,-0.019452196,0.5384756,0.10497585,-0.16617085,0.1439821,0.0076192217,0.97549903
12.61966320833335,1760560483.1128862,-0.018984348,0.5397973,0.10495131,-0.1605789,0.14284702,0.006859189,0.97660744
12.653161166666678,1760560483.146384,-0.018082168,0.54190874,0.10506435,-0.15202302,0.14049481,0.005239722,0.97832656
12.670528708333336,1760560483.1637516,-0.017645452,0.54272944,0.10523828,-0.14872637,0.13917111,0.004587562,0.9790255
12.687906666666663,1760560483.1811297,-0.017239098,0.5433747,0.10548584,-0.1460125,0.1378819,0.0042827087,0.9796176
12.70522116666666,1760560483.1984441,-0.016869824,0.5438724,0.105802104,-0.14381249,0.1367147,0.0042717843,0.98010653
12.72273687500001,1760560483.2159598,-0.01651936,0.5442354,0.1062222,-0.1419471,0.13571304,0.004422661,0.98051697
12.740070333333335,1760560483.2332933,-0.016202625,0.54450566,0.10670924,-0.14039251,0.1348511,0.0045719757,0.9808589
12.757388958333365,1760560483.250612,-0.015919141,0.54473805,0.10723016,-0.1391025,0.13403152,0.0046812003,0.9811545
12.784836833333316,1760560483.2780597,-0.015524153,0.54515916,0.10804682,-0.13727464,0.13275993,0.0049354997,0.9815835
12.802179333333356,1760560483.2954023,-0.015322719,0.5455253,0.10851176,-0.1359086,0.13201259,0.005105267,0.98187345
12.823508500000003,1760560483.3167315,-0.015131332,0.54605645,0.10903276,-0.13406263,0.13127439,0.0053087394,0.98222506
12.840847250000024,1760560483.3340702,-0.015005451,0.54653424,0.10937448,-0.13254552,0.13084204,0.0055417437,0.9824873
12.858297541666673,1760560483.3515205,-0.014908198,0.5470618,0.1096431,-0.1308675,0.1305284,0.0057386635,0.98275286
12.879253583333366,1760560483.3724766,-0.014846604,0.5477315,0.10990827,-0.12852772,0.13025527,0.005862951,0.9830971
12.89664508333334,1760560483.389868,-0.014829222,0.54826564,0.1100932,-0.12656388,0.13005395,0.0058787195,0.98337835
12.914378666666664,1760560483.4076016,-0.014834944,0.5487471,0.11028986,-0.12481475,0.12989452,0.006016178,0.98362213
12.932227333333344,1760560483.4254503,-0.014866132,0.5491442,0.110520266,-0.12322081,0.12977752,0.006325819,0.98383653
12.95009195833336,1760560483.443315,-0.014916033,0.54948413,0.11076457,-0.121655546,0.1296945,0.0067268224,0.98403966
12.967605666666657,1760560483.4608285,-0.01497655,0.54979974,0.11099186,-0.12018902,0.12962829,0.007135408,0.9842257
12.985006375000012,1760560483.4782293,-0.015048977,0.55007595,0.111205235,-0.11879969,0.12952012,0.007467158,0.98440605
13.002333000000021,1760560483.4955559,-0.015129168,0.5503225,0.11139463,-0.11742325,0.12930664,0.0076443404,0.984598
13.019663499999979,1760560483.5128865,-0.01521574,0.5505691,0.11154995,-0.116016306,0.12899256,0.0077884644,0.9848048
13.03714100000002,1760560483.530364,-0.015296973,0.5507991,0.11166535,-0.11473549,0.12873809,0.008082523,0.98498577
13.054609041666652,1760560483.547832,-0.015371647,0.5509508,0.111789934,-0.11385116,0.1286679,0.008547197,0.98509365
13.072136041666681,1760560483.5653589,-0.015434239,0.5510155,0.11195399,-0.113464326,0.1288346,0.009163488,0.98511094
13.089537708333353,1760560483.5827606,-0.015480906,0.5510423,0.11212776,-0.1133106,0.12915374,0.009727581,0.98508143
13.106845249999992,1760560483.600068,-0.015509486,0.55108273,0.112282425,-0.11307927,0.12947682,0.010007306,0.98506284
13.124263083333346,1760560483.617486,-0.015503857,0.55112404,0.11240938,-0.11274679,0.12973292,0.010014226,0.9850671
13.145338874999993,1760560483.6385617,-0.0154601,0.55118406,0.11252421,-0.112227164,0.12991866,0.009732208,0.9851048
13.162677625000015,1760560483.6559005,-0.015408162,0.5512416,0.11261239,-0.11187725,0.12997995,0.009374691,0.98514
13.180068541666685,1760560483.6732914,-0.015347853,0.551292,0.112707846,-0.11163704,0.12996785,0.0090296175,0.9851721
13.197580916666652,1760560483.6908038,-0.015286718,0.55134386,0.11279542,-0.11141397,0.12986937,0.008739191,0.9852129
13.215204749999998,1760560483.7084277,-0.015228115,0.55139667,0.11286767,-0.111175545,0.12967092,0.008447047,0.98526853
13.233544583333355,1760560483.7267675,-0.015132215,0.5514063,0.112935886,-0.11104605,0.12934716,0.008206986,0.9853277
13.250850000000014,1760560483.744073,-0.0150104575,0.55133253,0.11301868,-0.111247435,0.12897162,0.008133369,0.98535484
13.268173791666698,1760560483.7613966,-0.0149053,0.5511846,0.11313245,-0.11183219,0.12862864,0.0081829,0.9853331
13.285515250000003,1760560483.7787383,-0.014823899,0.5510082,0.11325633,-0.11259431,0.1283195,0.008298474,0.98528564
13.302935916666684,1760560483.7961588,-0.014770683,0.5508728,0.11335262,-0.113171116,0.12804544,0.008436641,0.98525405
13.320450083333355,1760560483.813673,-0.014760289,0.55081046,0.11339161,-0.113470815,0.1278137,0.008497601,0.9852491
13.339012500000024,1760560483.8322353,-0.014786489,0.55078334,0.11338683,-0.113702804,0.12767836,0.008588659,0.98523915
13.358383124999989,1760560483.8516061,-0.014831148,0.55074215,0.113379434,-0.114004485,0.12766826,0.008745635,0.9852042
13.375669541666696,1760560483.8688924,-0.014882114,0.55070585,0.11338174,-0.11423068,0.12781176,0.008942436,0.98515767
13.393304916666693,1760560483.8865278,-0.014937218,0.55067533,0.113390714,-0.11435604,0.12804575,0.009053715,0.9851117
13.412518541666657,1760560483.9057415,-0.01499927,0.55063295,0.11339845,-0.11454013,0.12833917,0.009023778,0.9850524
13.429883249999989,1760560483.9231062,-0.015071128,0.55058444,0.113387264,-0.11478039,0.12858106,0.008936596,0.98499364
13.447271833333332,1760560483.9404948,-0.015148457,0.55054474,0.1133607,-0.11503712,0.12879825,0.008937304,0.98493534
13.464700333333326,1760560483.9579232,-0.01521359,0.5505139,0.11334548,-0.11529948,0.12898943,0.008972752,0.9848793
13.482127708333337,1760560483.9753506,-0.0152730495,0.55050457,0.11333485,-0.11548841,0.12918104,0.009011201,0.9848317
13.500909833333367,1760560483.9941328,-0.015327632,0.5505145,0.11332776,-0.11560317,0.12935969,0.009087472,0.9847941
13.518550624999989,1760560484.0117736,-0.015355695,0.5505366,0.11333239,-0.115679994,0.12951459,0.00921601,0.98476356
13.535893166666654,1760560484.0291162,-0.015369132,0.5505662,0.11333974,-0.115704305,0.12965368,0.009263561,0.9847419
13.553399833333344,1760560484.0466228,-0.015377801,0.55059683,0.113331236,-0.115680926,0.12976061,0.00924089,0.9847308
